AFGHANISTAN;KARACHI;;;
ALBANIA;VORE;;;
ALGERIA;CONSTANTINE;;;
ALGERIA;HASSI MESSAOUD;;;
ALGERIA;ORAN;;;
ALGERIA;OUED SMAR;;;
ALGERIA;SETIF;;;
AMERICAN SAMOA;PAGO PAGO;;;
ANGOLA;LUANDA;;;
ANGOLA;MAIDENHEAD;;;
ARGENTINA;BUENOS AIRES;;;
ARGENTINA;CIPOLETTI;;;
ARGENTINA;COMODORO RIVADAVIA;;;
ARGENTINA;LOS NOGALES;;;
ARGENTINA;MAR DEL PLATA;;;
ARGENTINA;NEUQUEN;;;
ARGENTINA;POSADAS;;;
ARGENTINA;RESISTENCIA;;;
ARGENTINA;RIO GALLEGOS;;;
ARGENTINA;RIO GRANDE;;;
ARGENTINA;ROSARIO;;;
ARGENTINA;SALTA;;;
ARGENTINA;TORTUGUITAS;;;
ARMENIA;ABOVYAN ;;;
ARMENIA;EREVAN ;;;
ARMENIA;GNDEVAZ;;;
ARMENIA;KAJARAN;;;
ARMENIA;STEINHAUSEN;;;
ARMENIA;TEGHUT;;;
AUSTRALIA;ALBION PARK;;;
AUSTRALIA;ALEXANDRIA;;;
AUSTRALIA;ALICE SPRINGS;;;
AUSTRALIA;ARCHERFIELD;;;
AUSTRALIA;ASCOT;;;
AUSTRALIA;BALLINA;;;
AUSTRALIA;BERESFIELD;;;
AUSTRALIA;BERKELEY VALE;;;
AUSTRALIA;BERRIEDALE;;;
AUSTRALIA;BODDINGTON;;;
AUSTRALIA;BOOLAROO;;;
AUSTRALIA;BOULDER;;;
AUSTRALIA;BROKEN HILL;;;
AUSTRALIA;BROOKVALE;;;
AUSTRALIA;BROOME;;;
AUSTRALIA;BUNBURY;;;
AUSTRALIA;BUSSELTON;;;
AUSTRALIA;CABOOLTURE;;;
AUSTRALIA;CAIRNS;;;
AUSTRALIA;CAMPBELLTOWN;;;
AUSTRALIA;CANNINGTON;;;
AUSTRALIA;CARDIFF;;;
AUSTRALIA;CARINGBAH;;;
AUSTRALIA;CENTRAL QUEENSLAND MC;;;
AUSTRALIA;CLAYTON;;;
AUSTRALIA;CLYDE;;;
AUSTRALIA;COBAR;;;
AUSTRALIA;COFFS HARBOUR;;;
AUSTRALIA;COLLIE;;;
AUSTRALIA;DANDENONG SOUTH;;;
AUSTRALIA;DARWIN;;;
AUSTRALIA;DUBBO;;;
AUSTRALIA;EAST BENDIGO;;;
AUSTRALIA;EAST WAGGA WAGGA;;;
AUSTRALIA;EMERALD;;;
AUSTRALIA;ENFIELD;;;
AUSTRALIA;ESPERANCE;;;
AUSTRALIA;FORRESTFIELD;;;
AUSTRALIA;FYSHWICK;;;
AUSTRALIA;GARBUTT;;;
AUSTRALIA;GERALDTON;;;
AUSTRALIA;GIRRAWEEN;;;
AUSTRALIA;GLADSTONE;;;
AUSTRALIA;GOSFORD;;;
AUSTRALIA;GOVE;;;
AUSTRALIA;GRIFFITH;;;
AUSTRALIA;HAMILTON HILL;;;
AUSTRALIA;HOLBROOK;;;
AUSTRALIA;HOPETOUN;;;
AUSTRALIA;HORSHAM;;;
AUSTRALIA;HUME;;;
AUSTRALIA;INGLEBURN;;;
AUSTRALIA;KALGOORLIE;;;
AUSTRALIA;KAMBALDA;;;
AUSTRALIA;KARRATHA;;;
AUSTRALIA;KELSO;;;
AUSTRALIA;KEWDALE;;;
AUSTRALIA;KUNUNURRA;;;
AUSTRALIA;KWINANA;;;
AUSTRALIA;LAMBTON;;;
AUSTRALIA;LARAPINTA;;;
AUSTRALIA;LAVERTON;;;
AUSTRALIA;LAVINGTON;;;
AUSTRALIA;LEINSTER;;;
AUSTRALIA;LEONORA;;;
AUSTRALIA;LITHGOW;;;
AUSTRALIA;LIVERPOOL;;;
AUSTRALIA;MACKAY MC;;;
AUSTRALIA;MAITLAND;;;
AUSTRALIA;MANDURAH;;;
AUSTRALIA;MEEKATHARRA;;;
AUSTRALIA;MIDLAND;;;
AUSTRALIA;MILDURA;;;
AUSTRALIA;MOOREBANK;;;
AUSTRALIA;MOREE;;;
AUSTRALIA;MOUNT GAMBIER;;;
AUSTRALIA;MOUNT ISA;;;
AUSTRALIA;MT THORLEY;;;
AUSTRALIA;MULGRAVE;;;
AUSTRALIA;MUSWELLBROOK;;;
AUSTRALIA;NEWMAN;;;
AUSTRALIA;NORTH WOLLONGONG;;;
AUSTRALIA;OAKEY;;;
AUSTRALIA;ORANGE;;;
AUSTRALIA;OSBORNE PARK;;;
AUSTRALIA;PALMERSTON;;;
AUSTRALIA;PARKES;;;
AUSTRALIA;PENRITH;;;
AUSTRALIA;PINJARRA;;;
AUSTRALIA;PORT HEDLAND;;;
AUSTRALIA;PORT KEMBLA;;;
AUSTRALIA;PORT LINCOLN;;;
AUSTRALIA;PORT MACQUARIE;;;
AUSTRALIA;QUEANBEYAN;;;
AUSTRALIA;REGENCY PARK;;;
AUSTRALIA;REVESBY;;;
AUSTRALIA;ROCHERLEA;;;
AUSTRALIA;ROSEHILL;;;
AUSTRALIA;ROXBY DOWNS;;;
AUSTRALIA;SEVEN HILLS;;;
AUSTRALIA;SINGLETON;;;
AUSTRALIA;SOMERSET;;;
AUSTRALIA;SOUTH GEELONG;;;
AUSTRALIA;SOUTH GRAFTON;;;
AUSTRALIA;SOUTH LISMORE;;;
AUSTRALIA;SOUTH NOWRA;;;
AUSTRALIA;SOUTH TWEED HEADS;;;
AUSTRALIA;SUMNER PARK BC;;;
AUSTRALIA;SWAN HILL;;;
AUSTRALIA;SYDNEY;;;
AUSTRALIA;TAMINDA;;;
AUSTRALIA;TAMWORTH;;;
AUSTRALIA;TAYLORS BEACH;;;
AUSTRALIA;THORNTON;;;
AUSTRALIA;TOM PRICE;;;
AUSTRALIA;TOMAGO;;;
AUSTRALIA;TOOWOOMBA;;;
AUSTRALIA;TRARALGON;;;
AUSTRALIA;TUNCURRY;;;
AUSTRALIA;ULLADULLA;;;
AUSTRALIA;UNANDERRA;;;
AUSTRALIA;WAGGA WAGGA;;;
AUSTRALIA;WANNEROO;;;
AUSTRALIA;WAROONA;;;
AUSTRALIA;WEIPA;;;
AUSTRALIA;WELSHPOOL;;;
AUSTRALIA;WEST BURLEIGH;;;
AUSTRALIA;WETHERILL PARK;;;
AUSTRALIA;WHYALLA PLAYFORD;;;
AUSTRALIA;WILLOUGHBY;;;
AUSTRALIA;WINGFIELD;;;
AUSTRALIA;WODONGA;;;
AUSTRIA;FISCHAMEND;;;
AUSTRIA;INZING;;;
AUSTRIA;KALSDORF BEI GRAZ;;;
AUSTRIA;LINZ;;;
AUSTRIA;STADELBACH;;;
AUSTRIA;WALS;;;
BAHAMAS;FREEPORT;;;
BAHAMAS;NASSAU;;;
BAHRAIN;MANAMA;;;
BANGLADESH;BANANI;;;
BARBADOS;CHRIST CHURCH;;;
BELGIUM;ANTWERPEN;;;
BELGIUM;HERSTAL;;;
BELGIUM;IZEGEM;;;
BELGIUM;OVERIJSE;;;
BELGIUM;WILRIJK;;;
BELIZE;LADYVILLE;;;
BENIN;COTONOU;;;
BHUTAN;PHUNTSHOLING;;;
BOSNIA AND HERZEGOVINA;LAKTASI;;;
BOSNIA AND HERZEGOVINA;LUKAVAC;;;
BOSNIA AND HERZEGOVINA;SARAJEVO;;;
BOTSWANA;GABORONE;;;
BOTSWANA;MAUN;;;
BRAZIL;ALTAMIRA;;;
BRAZIL;ALTO HORIZONTE;;;
BRAZIL;APARECIDA DE GOIANIA;;;
BRAZIL;ARACAJU;;;
BRAZIL;ARACATUBA;;;
BRAZIL;ARIPUANA;;;
BRAZIL;BAURU;;;
BRAZIL;BELEM;;;
BRAZIL;BOA VISTA;;;
BRAZIL;CAMPO GRANDE;;;
BRAZIL;CANAA DOS CARAJAS;;;
BRAZIL;CASCAVEL;;;
BRAZIL;CHAPECO;;;
BRAZIL;CONTAGEM;;;
BRAZIL;CUIABA;;;
BRAZIL;CURITIBA;;;
BRAZIL;FORTALEZA;;;
BRAZIL;GOVERNADOR VALADARES;;;
BRAZIL;IMPERATRIZ;;;
BRAZIL;INDAIATUBA;;;
BRAZIL;IPIAU;;;
BRAZIL;ITABIRA;;;
BRAZIL;ITAGIBA;;;
BRAZIL;ITAITUBA;;;
BRAZIL;ITAJAI;;;
BRAZIL;JABOATAO DOS GUARARAPES;;;
BRAZIL;JACOBINA;;;
BRAZIL;JAGUARARI;;;
BRAZIL;JOAO PESSOA;;;
BRAZIL;LONDRINA;;;
BRAZIL;MACEIO;;;
BRAZIL;MANAUS;;;
BRAZIL;MARABA;;;
BRAZIL;MARINGA;;;
BRAZIL;MOSSORO;;;
BRAZIL;NOVA SANTA RITA;;;
BRAZIL;OURILANDIA DO NORTE;;;
BRAZIL;PALMAS;;;
BRAZIL;PARAUAPEBAS;;;
BRAZIL;PARNAMIRIM;;;
BRAZIL;PASSO FUNDO;;;
BRAZIL;PORTO VELHO;;;
BRAZIL;RIBEIRAO PRETO;;;
BRAZIL;RIO BRANCO;;;
BRAZIL;RIO DE JANEIRO;;;
BRAZIL;SALVADOR;;;
BRAZIL;SAO GONCALO DO RIO ABAIXO;;;
BRAZIL;SAO JOSE;;;
BRAZIL;SAO JOSE DO RIO PRETO;;;
BRAZIL;SAO JOSE DOS CAMPOS;;;
BRAZIL;SAO LUIS;;;
BRAZIL;SAO PAULO;;;
BRAZIL;SERRA;;;
BRAZIL;SINOP;;;
BRAZIL;SUMARE;;;
BRAZIL;TEIXEIRA DE FREITAS;;;
BRAZIL;TELEMACO BORBA;;;
BRAZIL;TERESINA;;;
BRAZIL;TRES LAGOAS;;;
BRAZIL;UBERLANDIA;;;
BRAZIL;VESPASIANO;;;
BRAZIL;VITORIA DO XINGU;;;
BRUNEI DARUSSALAM;BANDAR SERI BEGAWAN;;;
BRUNEI DARUSSALAM;KUALA BELAIT;;;
BULGARIA;BURGAS;;;
BULGARIA;SOFIA;;;
BULGARIA;STARA ZAGORA;;;
BULGARIA;VARNA;;;
BURKINA FASO;OUAGADOUGOU;;;
CAMBODIA;PHNOM PENH;;;
CAMEROON;DOUALA;;;
CAMEROON;GAROUA;;;
CAMEROON;YAOUNDE;;;
CANADA;ACHESON;;;
CANADA;AJAX;;;
CANADA;ANJOU;;;
CANADA;ANTIGONISH;;;
CANADA;ARNOLD'S COVE;;;
CANADA;BAIE-COMEAU;;;
CANADA;BALLS CREEK;;;
CANADA;BARRIE;;;
CANADA;BATHURST;;;
CANADA;BELLEVILLE;;;
CANADA;BRACEBRIDGE;;;
CANADA;BRADFORD;;;
CANADA;BRAMPTON;;;
CANADA;BRANDON;;;
CANADA;BRANTFORD;;;
CANADA;BURLINGTON;;;
CANADA;CALGARY;;;
CANADA;CAMBRIDGE;;;
CANADA;CANDIAC;;;
CANADA;CHARLOTTETOWN;;;
CANADA;CHICOUTIMI;;;
CANADA;COBOURG;;;
CANADA;CONCORD;;;
CANADA;CORNER BROOK;;;
CANADA;DARTMOUTH;;;
CANADA;EDMONTON;;;
CANADA;ELIE;;;
CANADA;ESTEVAN;;;
CANADA;FERMONT;;;
CANADA;FORT MCMURRAY;;;
CANADA;FORT ST JOHN;;;
CANADA;FREDERICTON;;;
CANADA;GANDER;;;
CANADA;GATINEAU;;;
CANADA;GLENBURNIE;;;
CANADA;GLOUCESTER;;;
CANADA;GORMLEY;;;
CANADA;GRANDE PRAIRIE;;;
CANADA;GUELPH;;;
CANADA;HALIFAX;;;
CANADA;HAPPY VALLEY-GOOSE BAY;;;
CANADA;HAVRE-SAINT-PIERRE;;;
CANADA;HAWKE'S BAY;;;
CANADA;IQALUIT;;;
CANADA;KAMLOOPS;;;
CANADA;KANATA;;;
CANADA;LANGLEY;;;
CANADA;LIVELY;;;
CANADA;LLOYDMINSTER;;;
CANADA;LONDON;;;
CANADA;MAIDSTONE;;;
CANADA;MERCIER;;;
CANADA;MONCTON;;;
CANADA;MORDEN;;;
CANADA;NAPANEE;;;
CANADA;NEPEAN;;;
CANADA;NIAGARA FALLS;;;
CANADA;NORTH BAY;;;
CANADA;ORO-MEDONTE;;;
CANADA;OWEN SOUND;;;
CANADA;PIERREFONDS;;;
CANADA;POINTE CLAIRE;;;
CANADA;POINTE-CLAIRE;;;
CANADA;PRINCE GEORGE;;;
CANADA;QUEBEC;;;
CANADA;RANKIN INLET;;;
CANADA;REGINA;;;
CANADA;SAINT JOHN;;;
CANADA;SAINTE-MADELEINE;;;
CANADA;SAINTE-ROSE;;;
CANADA;SAINT-LAURENT;;;
CANADA;SARNIA;;;
CANADA;SASKATOON;;;
CANADA;SAULT STE MARIE;;;
CANADA;SEPT-ILES;;;
CANADA;SHERBROOKE;;;
CANADA;SOUTH PORCUPINE;;;
CANADA;ST AUGUSTIN DE DESMAURES;;;
CANADA;ST CATHARINES;;;
CANADA;ST. JOHNS;;;
CANADA;STONEY CREEK;;;
CANADA;SUDBURY;;;
CANADA;SWIFT CURRENT;;;
CANADA;THOMPSON;;;
CANADA;THUNDER BAY;;;
CANADA;TIMMINS;;;
CANADA;TISDALE;;;
CANADA;TORONTO;;;
CANADA;TRENTON;;;
CANADA;TROIS-RIVIERES;;;
CANADA;VAL D'OR;;;
CANADA;VANCOUVER;;;
CANADA;WABUSH;;;
CANADA;WATERLOO;;;
CANADA;WEST KELOWNA;;;
CANADA;WINDSOR;;;
CANADA;WINNIPEG;;;
CANADA;WOODSTOCK;;;
CANADA;YARMOUTH;;;
CAPE VERDE;PRAIA;;;
CAYMAN ISLANDS;SAVANNAH;;;
CENTRAL AFRICAN REPUBLIC;BANGUI;;;
CHAD;N'DJAMENA;;;
CHILE;ANTOFAGASTA;;;
CHILE;CALAMA;;;
CHILE;CONCEPCION;;;
CHILE;COPIAPO;;;
CHILE;COQUIMBO;;;
CHILE;IQUIQUE;;;
CHILE;PUDAHUEL;;;
CHILE;PUERTO MONTT;;;
CHILE;PUNTA ARENAS;;;
CHILE;SANTIAGO;;;
CHILE;VALDIVIA;;;
CHILE;VALPARAISO;;;
CHINA;AKSU;;;
CHINA;ANKANG;;;
CHINA;ANNING;;;
CHINA;ANSHAN;;;
CHINA;BAISE;;;
CHINA;BAISHAN;;;
CHINA;BAODING;;;
CHINA;BAOJI;;;
CHINA;BAOSHAN;;;
CHINA;BAOTOU;;;
CHINA;BAYANNUR;;;
CHINA;BAZHONG;;;
CHINA;BEIAN;;;
CHINA;BEIJING;;;
CHINA;BEITUN;;;
CHINA;BENXI;;;
CHINA;BIJIE;;;
CHINA;CHANGCHUN;;;
CHINA;CHANGDE CITY;;;
CHINA;CHANGJI;;;
CHINA;CHANGSHA;;;
CHINA;CHAOYANG;;;
CHINA;CHENGDE;;;
CHINA;CHENGDU;;;
CHINA;CHENZHOU;;;
CHINA;CHIFENG;;;
CHINA;CHONGQING;;;
CHINA;DALI;;;
CHINA;DALIAN;;;
CHINA;DAQING;;;
CHINA;DATONG;;;
CHINA;DAZHOU;;;
CHINA;DELINHA;;;
CHINA;EERDUOSI;;;
CHINA;EN SHI;;;
CHINA;ENPING;;;
CHINA;FUZHOU;;;
CHINA;GANZHOU;;;
CHINA;GUANGFENG;;;
CHINA;GUANGZHOU;;;
CHINA;GUIGANG;;;
CHINA;GUILIN;;;
CHINA;GUIYANG;;;
CHINA;GULABEN;;;
CHINA;GUYUAN;;;
CHINA;HAIKOU;;;
CHINA;HAMI;;;
CHINA;HANDAN;;;
CHINA;HANGZHOU;;;
CHINA;HANZHONG;;;
CHINA;HARBIN;;;
CHINA;HECHI;;;
CHINA;HEFEI;;;
CHINA;HENGYANG;;;
CHINA;HETIAN;;;
CHINA;HEYUAN;;;
CHINA;HEZHOU;;;
CHINA;HOLIN GOL;;;
CHINA;HUAIHUA;;;
CHINA;HUANGSHI;;;
CHINA;HUHEHAOTE;;;
CHINA;HULUNBUIR;;;
CHINA;HUZHOU;;;
CHINA;JIAMUSI;;;
CHINA;JI'AN;;;
CHINA;JIANYANG;;;
CHINA;JIAYUGUAN;;;
CHINA;JILIN;;;
CHINA;JINAN;;;
CHINA;JINCHENG;;;
CHINA;JINGDEZHEN;;;
CHINA;JINHUA;;;
CHINA;JINING;;;
CHINA;JINZHONG;;;
CHINA;JINZHOU;;;
CHINA;JISHOU;;;
CHINA;JIUJIANG;;;
CHINA;KAILI;;;
CHINA;KASHI;;;
CHINA;KELAMAYI;;;
CHINA;KORLA;;;
CHINA;KUNMING;;;
CHINA;KUNSHAN;;;
CHINA;LANZHOU;;;
CHINA;LHASA;;;
CHINA;LIANYUNGANG;;;
CHINA;LINFEN;;;
CHINA;LINYI;;;
CHINA;LIUPANSHUI;;;
CHINA;LIUZHOU;;;
CHINA;LONGYAN;;;
CHINA;LUOYANG;;;
CHINA;LUZHOU;;;
CHINA;LVLIANG;;;
CHINA;MAJUQIAO;;;
CHINA;MANGYA;;;
CHINA;MAOMING;;;
CHINA;MENGZI;;;
CHINA;MIANYANG;;;
CHINA;MUDANJIANG;;;
CHINA;NAN CHUAN;;;
CHINA;NANCHANG;;;
CHINA;NANCHONG;;;
CHINA;NANJING;;;
CHINA;NANNING;;;
CHINA;NANYANG;;;
CHINA;NINGBO;;;
CHINA;ORDOS;;;
CHINA;PANZHIHUA;;;
CHINA;PINGXIANG;;;
CHINA;PUDONG;;;
CHINA;PU'ER;;;
CHINA;QIANJIANG;;;
CHINA;QINGDAO;;;
CHINA;QINZHOU;;;
CHINA;QIQIHAER;;;
CHINA;QUANZHOU;;;
CHINA;QUJING;;;
CHINA;SANYA;;;
CHINA;SHANGHAI;;;
CHINA;SHANGHANG;;;
CHINA;SHANGRAO;;;
CHINA;SHANTOU;;;
CHINA;SHAOGUAN;;;
CHINA;SHAOYANG;;;
CHINA;SHENYANG;;;
CHINA;SHIJIAZHUANG;;;
CHINA;SHIYAN;;;
CHINA;SHIZUISHAN;;;
CHINA;SHUNDE;;;
CHINA;SHUOZHOU;;;
CHINA;SIPING;;;
CHINA;SONGYUAN;;;
CHINA;SUZHOU;;;
CHINA;TAIZHOU;;;
CHINA;TANGSHAN;;;
CHINA;TIANJIN;;;
CHINA;TIANJUN;;;
CHINA;TIANSHUI;;;
CHINA;TONGHUA;;;
CHINA;URUMQI;;;
CHINA;WANSHOU;;;
CHINA;WANZHOU;;;
CHINA;WUDU;;;
CHINA;WUHAI;;;
CHINA;WUHAN;;;
CHINA;WUHU;;;
CHINA;WULANCHABU;;;
CHINA;WUXI;;;
CHINA;WUZHOU;;;
CHINA;XIAMEN;;;
CHINA;XIAN;;;
CHINA;XIANGYANG;;;
CHINA;XICHANG;;;
CHINA;XILIN GOL;;;
CHINA;XINGYI;;;
CHINA;XINING;;;
CHINA;XINYU;;;
CHINA;XUZHOU;;;
CHINA;YA AN;;;
CHINA;YAN'AN;;;
CHINA;YANCHENG;;;
CHINA;YANGZHOU;;;
CHINA;YANJI;;;
CHINA;YANTAI;;;
CHINA;YIBIN;;;
CHINA;YICHANG;;;
CHINA;YINCHUAN;;;
CHINA;YINGKOU;;;
CHINA;YINING;;;
CHINA;YONG AN;;;
CHINA;YONG CHUAN;;;
CHINA;YONGZHOU;;;
CHINA;YULIN;;;
CHINA;YUNFU;;;
CHINA;ZHANGJIAKOU;;;
CHINA;ZHANJIANG;;;
CHINA;ZHAOQING;;;
CHINA;ZHENGZHOU;;;
CHINA;ZHONGWEI;;;
CHINA;ZHOUSHAN;;;
CHINA;ZUNYI;;;
COLOMBIA;BARRANCABERMEJA;;;
COLOMBIA;BOGOTA;;;
COLOMBIA;BUCARAMANGA;;;
COLOMBIA;CUCUTA;;;
COLOMBIA;MEDELLIN;;;
COLOMBIA;PEREIRA;;;
COLOMBIA;SABANETA;;;
COLOMBIA;SOLEDAD;;;
COLOMBIA;TURBACO;;;
COLOMBIA;YOPAL;;;
COLOMBIA;YUMBO;;;
COMOROS;MORONI;;;
CONGO;BRAZZAVILLE;;;
CONGO;POINTE-NOIRE;;;
CONGO  DEMOCRATIC REPUBLIC OF;KINSHASA;;;
CONGO  DEMOCRATIC REPUBLIC OF;LUBUMBASHI;;;
COSTA RICA;LIMON;;;
COSTA RICA;PARRITA;;;
COSTA RICA;PEREZ ZELEDON;;;
COSTA RICA;SANTA ANA;;;
COSTA RICA;SANTA CRUZ;;;
COTE D'IVOIRE;ABIDJAN;;;
CROATIA;DUGOPOLJE;;;
CROATIA;KASTAV;;;
CROATIA;OSIJEK;;;
CROATIA;ZAGREB;;;
CYPRUS;LIMASSOL;;;
CYPRUS;NICOSIA;;;
CZECH REPUBLIC;CESKE BUDEJOVICE;;;
CZECH REPUBLIC;CHRASTANY;;;
CZECH REPUBLIC;HRADEC KRALOVE;;;
CZECH REPUBLIC;JIHLAVA;;;
CZECH REPUBLIC;LIBEREC;;;
CZECH REPUBLIC;MODLETICE;;;
CZECH REPUBLIC;NAPAJEDLA;;;
CZECH REPUBLIC;OLOMOUC;;;
CZECH REPUBLIC;OSTRAVA;;;
CZECH REPUBLIC;PRAHA;;;
CZECH REPUBLIC;RICANY U PRAHY;;;
DENMARK;AARHUS;;;
DENMARK;BALLERUP;;;
DENMARK;BRONDBY;;;
DENMARK;ESBJERG;;;
DENMARK;HORSENS;;;
DJIBOUTI;DJIBOUTI;;;
DOMINICAN REPUBLIC;SANTO DOMINGO;;;
DOMINICAN REPUBLIC;SANTO DOMINGO OESTE;;;
ECUADOR;AMBATO;;;
ECUADOR;CUENCA;;;
ECUADOR;GUAYAQUIL;;;
ECUADOR;NUEVA LOJA;;;
ECUADOR;PORTOVIEJO;;;
ECUADOR;PUERTO FRANCISCO DE ORELLANA;;;
ECUADOR;QUITO;;;
ECUADOR;SANTO DOMINGO DE LOS COLORADOS;;;
EL SALVADOR;SAN SALVADOR;;;
EQUATORIAL GUINEA;BATA;;;
EQUATORIAL GUINEA;MALABO;;;
ERITREA;ASMARA;;;
ESTONIA;SAUE;;;
ETHIOPIA;ADDIS ABABA;;;
FIJI;LAMBASA;;;
FIJI;LAUTOKA;;;
FIJI;SUVA;;;
FINLAND;HELSINKI;;;
FINLAND;HELSINGBY;;;
FINLAND;LEMPAALA;;;
FINLAND;LIETO;;;
FINLAND;MIKKELI;;;
FINLAND;OULU;;;
FINLAND;VANTAA;;;
FINLAND;VUORELA;;;
FRANCE;AIX EN PROVENCE;;;
FRANCE;ANDREZIEUX BOUTHEON;;;
FRANCE;ARBIN;;;
FRANCE;BOISSEUIL;;;
FRANCE;BON ENCONTRE;;;
FRANCE;BONNEVILLE;;;
FRANCE;BOULOGNE SUR MER;;;
FRANCE;BRIE COMTE ROBERT;;;
FRANCE;CEBAZAT;;;
FRANCE;CHALONS EN CHAMPAGNE;;;
FRANCE;ELOYES;;;
FRANCE;ENNERY;;;
FRANCE;EYSINES;;;
FRANCE;GENLIS;;;
FRANCE;GONDREVILLE;;;
FRANCE;LUANT;;;
FRANCE;MARSEILLE;;;
FRANCE;MIONS;;;
FRANCE;MOISSY CRAMAYEL;;;
FRANCE;MONETEAU;;;
FRANCE;MONTLHERY;;;
FRANCE;NICE;;;
FRANCE;NIORT;;;
FRANCE;NOYAL SUR VILAINE;;;
FRANCE;ONET LE CHATEAU;;;
FRANCE;PARIS;;;
FRANCE;PERONNE;;;
FRANCE;PERPIGNAN;;;
FRANCE;PESSAC;;;
FRANCE;PETITE SYNTHE;;;
FRANCE;POMPEY;;;
FRANCE;PUGET SUR ARGENS;;;
FRANCE;QUIMPER;;;
FRANCE;SECLIN;;;
FRANCE;SORGUES;;;
FRANCE;ST. DENIS;;;
FRANCE;ST. HERBLAIN;;;
FRANCE;ST. JEAN DE LINIERES;;;
FRANCE;ST. JEAN DU CARDONNAY;;;
FRANCE;ST. MARCEL LES VALENCE;;;
FRANCE;ST. MARTIN DE SEIGNANX;;;
FRANCE;TOULOUSE;;;
FRANCE;VENDARGUES;;;
FRANCE;VENDENHEIM;;;
FRANCE;VENISSIEUX;;;
FRANCE;VERNEUIL SUR SEINE;;;
FRANCE;VERSON;;;
FRANCE;WATTIGNIES-LA-VICTOIRE;;;
FRANCE;WITTELSHEIM;;;
FRENCH GUIANA;CAYENNE;;;
FRENCH POLYNESIA;PIRAE;;;
GABON;FRANCEVILLE;;;
GABON;LIBREVILLE;;;
GABON;PORT-GENTIL;;;
GERMANY;ACHIM;;;
GERMANY;AUGSBURG;;;
GERMANY;BAD WUENNENBERG;;;
GERMANY;BAUTZEN;;;
GERMANY;BERLIN;;;
GERMANY;BIELEFELD;;;
GERMANY;BINDLACH;;;
GERMANY;BOEBLINGEN;;;
GERMANY;BRAUNSCHWEIG;;;
GERMANY;CHEMNITZ;;;
GERMANY;COTTBUS;;;
GERMANY;DORTMUND;;;
GERMANY;DRESDEN;;;
GERMANY;DUISBURG;;;
GERMANY;ERFURT;;;
GERMANY;ERLANGEN;;;
GERMANY;ESCHWEILER;;;
GERMANY;ESSEN;;;
GERMANY;ETTLINGEN;;;
GERMANY;FALKENSEE;;;
GERMANY;FRANKENTHAL;;;
GERMANY;FRANKFURT;;;
GERMANY;FRANKFURT AN DER ODER;;;
GERMANY;FREIBURG IM BREISGAU;;;
GERMANY;FRIEDRICHSHAFEN;;;
GERMANY;FUERSTENWALDE;;;
GERMANY;GARCHIN BEI MUENCHEN;;;
GERMANY;GARCHING B MUENCHEN;;;
GERMANY;GARCHING BEI MUENCHEN;;;
GERMANY;GLINDE;;;
GERMANY;GREIFSWALD;;;
GERMANY;HALBERSTADT;;;
GERMANY;HALLE;;;
GERMANY;HAMBURG;;;
GERMANY;HAMM;;;
GERMANY;HANAU;;;
GERMANY;HANNOVER;;;
GERMANY;HENSTEDT-ULZBURG;;;
GERMANY;INGOLSTADT;;;
GERMANY;IRXLEBEN;;;
GERMANY;KEMPTEN;;;
GERMANY;KIRCHHEIM BEI MUENCHEN;;;
GERMANY;KLIPPHAUSEN;;;
GERMANY;KOELN;;;
GERMANY;LAATZEN;;;
GERMANY;LEIPZIG;;;
GERMANY;LEVERKUSEN;;;
GERMANY;LIMBACH-OBERFROHNA;;;
GERMANY;LOHFELDEN;;;
GERMANY;LUEBECK;;;
GERMANY;MAGDEBURG;;;
GERMANY;MANNHEIM;;;
GERMANY;MARKKLEEBERG;;;
GERMANY;MITTENWALDE;;;
GERMANY;MOERFELDEN-WALLDORF;;;
GERMANY;MONCHENGLADBACH;;;
GERMANY;MUELHEIM-KAERLICH;;;
GERMANY;MUENCHEN;;;
GERMANY;NEUBRANDENBURG;;;
GERMANY;NEUSS;;;
GERMANY;NORDHAUSEN;;;
GERMANY;NUERNBERG;;;
GERMANY;OBERHAUSEN;;;
GERMANY;ORANIENBURG;;;
GERMANY;OSNABRUECK;;;
GERMANY;OSTERROENFELD;;;
GERMANY;PFUNGSTADT;;;
GERMANY;POTSDAM;;;
GERMANY;RATINGEN;;;
GERMANY;RAUBLING;;;
GERMANY;REGENSBURG;;;
GERMANY;RIESA;;;
GERMANY;ROSTOCK;;;
GERMANY;ROTTENDORF;;;
GERMANY;SCHWERIN;;;
GERMANY;STRAUBING;;;
GERMANY;STUTTGART;;;
GERMANY;WEIMAR;;;
GERMANY;WEISSENHORN;;;
GERMANY;WESTERSTEDE;;;
GERMANY;WIEDEMAR;;;
GERMANY;WIESBADEN;;;
GERMANY;WILHELMSHAVEN;;;
GERMANY;WUPPERTAL;;;
GERMANY;ZELLA-MEHLIS;;;
GERMANY;ZOLLNITZ;;;
GERMANY;ZWICKAU;;;
GHANA;TAKORADI;;;
GREECE;ATHENS;;;
GREECE;HERAKLION (IRAKLION);;;
GREECE;KALOCHORI;;;
GREECE;KIFISSIA;;;
GREECE;LARISA;;;
GREECE;PATRAS;;;
GREECE;PTOLEMAIDA;;;
GREENLAND;NUUSSUAQ;;;
GUADELOUPE;JARRY;;;
GUAM;TAMUNING;;;
GUATEMALA;ESCUINTLA;;;
GUATEMALA;GUATEMALA CITY;;;
GUATEMALA;MORALES;;;
GUATEMALA;QUETZALTENANGO;;;
GUATEMALA;TECULUTAN;;;
GUINEA;CONAKRY;;;
GUINEA-BISSAU;BISSAU;;;
GUYANA;BARTICA;;;
GUYANA;GEORGETOWN;;;
HAITI;PORT-AU-PRINCE;;;
HONDURAS;CHOLUTECA;;;
HONDURAS;LA CEIBA;;;
HONDURAS;SAN PEDRO SULA;;;
HONDURAS;TEGUCIGALPA;;;
HONDURAS;TOCOA;;;
HONG KONG;GENEVA;;;
HONG KONG;HONG KONG;;;
HONG KONG;YUEN LONG;;;
HUNGARY;BEKESCSABA;;;
HUNGARY;BUDAORS;;;
HUNGARY;BUDAPEST;;;
HUNGARY;KAPOSUJLAK;;;
HUNGARY;NYIREGYHAZA;;;
HUNGARY;SZOMBATHELY;;;
ICELAND;REYKJAVIK;;;
INDIA;ADIPUR;;;
INDIA;ADOOR;;;
INDIA;AHMEDABAD;;;
INDIA;ALTO PROVORIM;;;
INDIA;ALWAR;;;
INDIA;ANANTAPUR;;;
INDIA;ASANSOL;;;
INDIA;BANGALORE;;;
INDIA;BARBIL;;;
INDIA;BHILAI;;;
INDIA;BHOPAL;;;
INDIA;BHUBANESWAR;;;
INDIA;BIJAPUR;;;
INDIA;BILASPUR;;;
INDIA;BUTIBORI;;;
INDIA;CALCUTTA;;;
INDIA;CHANDIGARH;;;
INDIA;CHANDRAPUR;;;
INDIA;CHENNAI;;;
INDIA;CHIMAKURTY;;;
INDIA;CHURCHA COLLIERY;;;
INDIA;COIMBATORE;;;
INDIA;DHANBAD;;;
INDIA;DHARUHERA;;;
INDIA;GHAZIABAD;;;
INDIA;GODDA;;;
INDIA;GREATER NOIDA;;;
INDIA;GULBARGA;;;
INDIA;GUWAHATI;;;
INDIA;HOSPET;;;
INDIA;HUBLI;;;
INDIA;HYDERABAD;;;
INDIA;INDORE;;;
INDIA;JABALPUR;;;
INDIA;JAIPUR;;;
INDIA;JALLARAM;;;
INDIA;JAMSHEDPUR;;;
INDIA;JHARSUGUDA;;;
INDIA;KANNUR;;;
INDIA;KARIMNAGAR;;;
INDIA;KARNAL;;;
INDIA;KIRANDUL;;;
INDIA;KOCHI;;;
INDIA;KOLKATA;;;
INDIA;KORBA;;;
INDIA;LUCKNOW;;;
INDIA;LUDHIANA;;;
INDIA;MADURAI;;;
INDIA;MALAPPURAM;;;
INDIA;MANGALORE;;;
INDIA;MUMBAI;;;
INDIA;NAGPUR;;;
INDIA;NELLORE;;;
INDIA;NEW DELHI;;;
INDIA;NEYVELI;;;
INDIA;PANVEL;;;
INDIA;PATNA;;;
INDIA;PUNE;;;
INDIA;RAIPUR;;;
INDIA;RAJKOT;;;
INDIA;RAMAGUNDAM;;;
INDIA;RANCHI;;;
INDIA;SALEM;;;
INDIA;SANKARMA;;;
INDIA;SATNA;;;
INDIA;SILIGURI;;;
INDIA;SINGRAULI;;;
INDIA;SURAT;;;
INDIA;TALCHER;;;
INDIA;TIRUNELVELI;;;
INDIA;TIRUVALLUR;;;
INDIA;TRICHY;;;
INDIA;TRIVANDRUM;;;
INDIA;UDAIPUR;;;
INDIA;VARANASI;;;
INDIA;VIJAYAWADA;;;
INDIA;VILLUPURAM;;;
INDIA;VISAKHAPATNAM;;;
INDIA;WALTAIR UPLANDS;;;
INDONESIA;AMBON;;;
INDONESIA;BALIKPAPAN;;;
INDONESIA;BANDAACEH;;;
INDONESIA;BANDAR LAMPUNG;;;
INDONESIA;BANDUNG;;;
INDONESIA;BANJARMASIN;;;
INDONESIA;BATAM;;;
INDONESIA;BATU HIJAU;;;
INDONESIA;BATULICIN;;;
INDONESIA;BEKASI;;;
INDONESIA;BENGKULU;;;
INDONESIA;BIAK;;;
INDONESIA;CILACAP;;;
INDONESIA;CILEGON;;;
INDONESIA;CILEUNGSI;;;
INDONESIA;CIREBON;;;
INDONESIA;JAKARTA;;;
INDONESIA;JAKARTA SELATAN;;;
INDONESIA;JAMBI;;;
INDONESIA;JAYAPURA;;;
INDONESIA;KARIMUN;;;
INDONESIA;KENDARI;;;
INDONESIA;KUPANG;;;
INDONESIA;KUTAI BARAT;;;
INDONESIA;MAKASSAR;;;
INDONESIA;MANADO;;;
INDONESIA;MATARAM;;;
INDONESIA;MEDAN;;;
INDONESIA;MERAUKE;;;
INDONESIA;MUARA ENIM;;;
INDONESIA;MUARA TEWEH;;;
INDONESIA;PADANG;;;
INDONESIA;PALEMBANG;;;
INDONESIA;PALU;;;
INDONESIA;PANGKALAN BUN;;;
INDONESIA;PANGKALPINANG;;;
INDONESIA;PASIR;;;
INDONESIA;PEKANBARU;;;
INDONESIA;PONTIANAK;;;
INDONESIA;PRABUMULIH;;;
INDONESIA;SAMARINDA;;;
INDONESIA;SEMARANG;;;
INDONESIA;SOROAKO;;;
INDONESIA;SORONG;;;
INDONESIA;SURABAYA;;;
INDONESIA;TANGERANG SELATAN;;;
INDONESIA;TANJUNG;;;
INDONESIA;TANJUNG REDEB;;;
INDONESIA;TARAKAN;;;
INDONESIA;TERNATE;;;
INDONESIA;TIMIKA;;;
IRELAND;CORK;;;
IRELAND;DUBLIN;;;
IRELAND;WILTON;;;
ISRAEL;BE'ER SHEVA;;;
ISRAEL;HOLON;;;
ISRAEL;QIRYAT BIALIK;;;
ITALY;AREZZO;;;
ITALY;AVENZA;;;
ITALY;BARANZATE;;;
ITALY;CAGLIARI;;;
ITALY;CALDERARA DI RENO;;;
ITALY;CALENZANO;;;
ITALY;CARINI;;;
ITALY;CARUGATE;;;
ITALY;CASTEGNATO;;;
ITALY;CATANIA;;;
ITALY;CRESPELLANO;;;
ITALY;CURNO;;;
ITALY;EGNA;;;
ITALY;FOSSANO;;;
ITALY;FROSINONE;;;
ITALY;GARDOLO;;;
ITALY;GENOA;;;
ITALY;GENOVA;;;
ITALY;GRAGNANO TREBBIENSE;;;
ITALY;LONATO;;;
ITALY;MARCIANISE;;;
ITALY;MODUGNO;;;
ITALY;ORTE;;;
ITALY;OSIMO;;;
ITALY;PASSIRANO;;;
ITALY;PESCATE;;;
ITALY;QUART;;;
ITALY;RENDE;;;
ITALY;ROMA;;;
ITALY;ROZZANO;;;
ITALY;SANTARCANGELO DI ROMAGNA;;;
ITALY;SARMEOLA;;;
ITALY;SASSARI;;;
ITALY;SCERNE DI PINETO;;;
ITALY;SETTIMO TORINESE;;;
ITALY;SOMMACAMPAGNA;;;
ITALY;STAGNO;;;
ITALY;TITO;;;
ITALY;TORGIANO;;;
ITALY;TRICESIMO;;;
ITALY;VAREDO;;;
ITALY;VERCELLI;;;
ITALY;VERONA;;;
ITALY;VIMODRONE;;;
JAMAICA;KINGSTON;;;
JAPAN;AKI;;;
JAPAN;ANAN;;;
JAPAN;CHIKUSHINO;;;
JAPAN;IMABARI;;;
JAPAN;KITA;;;
JAPAN;KOMORO;;;
JAPAN;KYOTO;;;
JAPAN;MATSUYAMA;;;
JAPAN;MIMA;;;
JAPAN;MITOYO;;;
JAPAN;NAKANO;;;
JAPAN;NIIHAMA;;;
JAPAN;OSAKA;;;
JAPAN;SEIYO;;;
JAPAN;SHIMANTO;;;
JAPAN;SHOZU;;;
JAPAN;TAKAMATSU;;;
JAPAN;TOKYO;;;
JAPAN;TOKUSHIMA;;;
JORDAN;AMMAN;;;
Kazakhstan ;Aktau ;;;
Kazakhstan ;Aktobe ;;;
Kazakhstan;Almaty ;;;
Kazakhstan ;Atyrau ;;;
Kazakhstan ;Balkhash;;;
Kazakhstan ;Ekibastuz;;;
Kazakhstan ;Karagandy;;;
Kazakhstan ;Kokshetau ;;;
Kazakhstan ;Kostanay ;;;
Kazakhstan ;Kyzylorda ;;;
Kazakhstan ;Nur-Sultan;;;
Kazakhstan ;Rudny ;;;
Kazakhstan ;Shymkent;;;
Kazakhstan ;Uralsk ;;;
Kazakhstan ;Ust'-Kamenogorsk;;;
Kazakhstan ;Zhezqazghan ;;;
KOREA  REPUBLIC OF;ANDONG;;;
KOREA  REPUBLIC OF;CHANGWON;;;
KOREA  REPUBLIC OF;CHEONAN;;;
KOREA  REPUBLIC OF;CHUNCHEON;;;
KOREA  REPUBLIC OF;DAEDEOK;;;
KOREA  REPUBLIC OF;DAEGU;;;
KOREA  REPUBLIC OF;DANGJIN;;;
KOREA  REPUBLIC OF;DONGHAE;;;
KOREA  REPUBLIC OF;GANGNEUNG;;;
KOREA  REPUBLIC OF;GUNSAN;;;
KOREA  REPUBLIC OF;GWANGJU;;;
KOREA  REPUBLIC OF;GWANGYANG;;;
KOREA  REPUBLIC OF;ICHEON;;;
KOREA  REPUBLIC OF;INCHON;;;
KOREA  REPUBLIC OF;JECHEON;;;
KOREA  REPUBLIC OF;JEONJU;;;
KOREA  REPUBLIC OF;JINJU;;;
KOREA  REPUBLIC OF;MOKPO;;;
KOREA  REPUBLIC OF;POHANG;;;
KOREA  REPUBLIC OF;PYEONGTAEK;;;
KOREA  REPUBLIC OF;SEOCHO;;;
KOREA  REPUBLIC OF;UIJEONGBU;;;
KOREA  REPUBLIC OF;YANGSAN;;;
KOREA  REPUBLIC OF;YEONGDEUNGPO;;;
KUWAIT;AL JAHRA;;;
KUWAIT;SAFAT;;;
Kyrgyzstan;Bishkek ;;;
LAO PEOPLE'S DEMO. REPUBLIC;VIENTIANE;;;
LATVIA;MARUPE;;;
LATVIA;MARUPES NOVADS;;;
LATVIA;REZEKNE;;;
LATVIA;VALMIERMUIZA;;;
LATVIA;VENTSPILS;;;
LEBANON;BEIRUT;;;
LESOTHO;MASERU;;;
LIBERIA;MONROVIA;;;
LIBYAN ARAB JAMAHIRIYA;BENGHAZI;;;
LIBYAN ARAB JAMAHIRIYA;TRIPOLI;;;
LITHUANIA;KAUNAS;;;
LITHUANIA;KLAIPEDA;;;
LITHUANIA;VILNIUS;;;
LUXEMBOURG;EHLANGE;;;
MADAGASCAR;ANTANANARIVO;;;
MADAGASCAR;FORT-DAUPHIN;;;
MALAWI;BLANTYRE;;;
MALAYSIA;BINTULU;;;
MALAYSIA;BUKIT MERTAJAM;;;
MALAYSIA;IPOH;;;
MALAYSIA;JOHOR BAHRU;;;
MALAYSIA;KEMAMAN;;;
MALAYSIA;KENINGAU;;;
MALAYSIA;KLUANG;;;
MALAYSIA;KOTA BHARU;;;
MALAYSIA;KOTA KINABALU;;;
MALAYSIA;KUALA TERENGGANU;;;
MALAYSIA;KUANTAN;;;
MALAYSIA;KUCHING;;;
MALAYSIA;LABUAN;;;
MALAYSIA;LAHAD DATU;;;
MALAYSIA;LANGKAWI;;;
MALAYSIA;MELAKA;;;
MALAYSIA;MIRI;;;
MALAYSIA;PUCHONG;;;
MALAYSIA;SANDAKAN;;;
MALAYSIA;SIBU;;;
MALAYSIA;TAWAU;;;
MALI;BAMAKO;;;
MALTA;BURMARRAD;;;
MARTINIQUE;LAMENTIN;;;
MAURITANIA;BORDEAUX CEDEX;;;
MAURITANIA;NOUAKCHOTT;;;
MAURITIUS;EBENE;;;
MAURITIUS;PAILLES;;;
MAYOTTE;MAMOUDZOU;;;
MEXICO;CANANEA;;;
MEXICO;CASAS GRANDES;;;
MEXICO;CHIHUAHUA;;;
MEXICO;CIUDAD JUAREZ;;;
MEXICO;CIUDAD OBREGON;;;
MEXICO;CUAUHTEMOC;;;
MEXICO;CULIACAN;;;
MEXICO;DELICIAS;;;
MEXICO;DURANGO;;;
MEXICO;GOMEZ PALACIO;;;
MEXICO;GUAYMAS;;;
MEXICO;GUERRERO NEGRO;;;
MEXICO;HIDALGO DEL PARRAL;;;
MEXICO;LA PAZ;;;
MEXICO;LOS MOCHIS;;;
MEXICO;MAZATLAN;;;
MEXICO;MEXICALI;;;
MEXICO;SANTA CATARINA;;;
MEXICO;TLAQUEPAQUE;;;
MONGOLIA;DENVER;;;
MONGOLIA;KHANBOGD;;;
MONGOLIA;ULAANBAATAR;;;
MONTENEGRO;DANILOVGRAD;;;
MOROCCO;AGADIR ANZA;;;
MOROCCO;AIN SEBAA;;;
MOROCCO;MARRAKECH;;;
MOROCCO;MEKNES;;;
MOROCCO;OUJDA;;;
MOROCCO;TANGIER;;;
NAMIBIA;OTJIWARONGO;;;
NAMIBIA;WALVIS BAY;;;
NEPAL;KATHMANDU;;;
NETHERLANDS;AALSMEER;;;
NETHERLANDS;ALMERE;;;
NETHERLANDS;APELDOORN;;;
NETHERLANDS;BEILEN;;;
NETHERLANDS;BLADEL;;;
NETHERLANDS;BREDA;;;
NETHERLANDS;CRUQUIUS;;;
NETHERLANDS;DEN HELDER;;;
NETHERLANDS;EEMSHAVEN;;;
NETHERLANDS;GRONINGEN;;;
NETHERLANDS;HEERHUGOWAARD;;;
NETHERLANDS;MAASBRACHT;;;
NETHERLANDS;MOERDIJK;;;
NETHERLANDS;PAPENDRECHT;;;
NETHERLANDS;'S HERTOGENBOSCH;;;
NETHERLANDS;THE HAGUE;;;
NETHERLANDS;VALKENSWAARD;;;
NEW CALEDONIA;NOUMEA;;;
NEW ZEALAND;CHRISTCHURCH;;;
NEW ZEALAND;DUNEDIN;;;
NEW ZEALAND;GISBORNE;;;
NEW ZEALAND;GREYMOUTH;;;
NEW ZEALAND;HAMILTON;;;
NEW ZEALAND;INVERCARGILL;;;
NEW ZEALAND;LOWER HUTT;;;
NEW ZEALAND;MANUKAU;;;
NEW ZEALAND;NAPIER;;;
NEW ZEALAND;NELSON;;;
NEW ZEALAND;NEW PLYMOUTH;;;
NEW ZEALAND;PALMERSTON NORTH;;;
NEW ZEALAND;ROTORUA;;;
NEW ZEALAND;WHANGAREI;;;
NICARAGUA;MANAGUA;;;
NIGER;NIAMEY;;;
NORTHERN MARIANA ISLANDS;SAIPAN;;;
NORWAY;ALESUND;;;
NORWAY;AVALDSNES;;;
NORWAY;BLOMSTERDALEN;;;
NORWAY;EGERSUND;;;
NORWAY;EIDSNES;;;
NORWAY;LAKSEVAAG;;;
NORWAY;LIERSTRANDA;;;
NORWAY;MOSS;;;
NORWAY;PORSGRUNN;;;
NORWAY;RUDSHOGDA;;;
NORWAY;SANDNES;;;
NORWAY;SKEDSMOKORSET;;;
NORWAY;TROMSOE;;;
NORWAY;TRONDHEIM;;;
OMAN;FALAJ AL-QABAIL;;;
OMAN;JIBROO;;;
OMAN;SALALAH;;;
PAKISTAN;FAISALABAD;;;
PAKISTAN;ISLAMABAD;;;
PAKISTAN;LAHORE;;;
PAKISTAN;MULTAN;;;
PAKISTAN;PESHAWAR;;;
PAKISTAN;QUETTA;;;
PALESTINE  STATE OF;GAZA;;;
PALESTINE  STATE OF;RAMALLAH;;;
PANAMA;ARRAIJAN;;;
PANAMA;DAVID;;;
PANAMA;EL DORADO;;;
PANAMA;PANAMA CITY;;;
PAPUA NEW GUINEA;BOROKO;;;
PAPUA NEW GUINEA;LAE;;;
PAPUA NEW GUINEA;RABAUL;;;
PAPUA NEW GUINEA;TABUBIL;;;
PARAGUAY;ASUNCION;;;
PARAGUAY;KATUETE;;;
PARAGUAY;LIMPIO;;;
PERU;AREQUIPA;;;
PERU;BAGUA GRANDE;;;
PERU;CAJAMARCA;;;
PERU;CHICLAYO;;;
PERU;CHIMBOTE;;;
PERU;CUSCO;;;
PERU;HUANCAYO;;;
PERU;HUARAZ;;;
PERU;ICA;;;
PERU;ILO;;;
PERU;IQUITOS;;;
PERU;LAMBAYEQUE;;;
PERU;LIMA;;;
PERU;MIRAFLORES;;;
PERU;PIURA;;;
PERU;PUCALLPA;;;
PERU;PUERTO MALDONADO;;;
PERU;TARAPOTO;;;
PERU;TRUJILLO;;;
PHILIPPINES;BACOLOD CITY;;;
PHILIPPINES;BATARASA;;;
PHILIPPINES;CAGAYAN DE ORO CITY;;;
PHILIPPINES;DAVAO CITY;;;
PHILIPPINES;ILIGAN;;;
PHILIPPINES;KALOOKAN CITY;;;
PHILIPPINES;MANDAUE;;;
PHILIPPINES;QUEZON CITY;;;
PHILIPPINES;SAN PEDRO;;;
PHILIPPINES;SURIGAO;;;
POLAND;CHOROSZCZ;;;
POLAND;CZELADZ;;;
POLAND;ELK;;;
POLAND;GDANSK;;;
POLAND;KOMORNIKI;;;
POLAND;KRAKOW;;;
POLAND;KSAWEROW;;;
POLAND;LOMIANKI;;;
POLAND;LUBLIN;;;
POLAND;NOWA WIES;;;
POLAND;OLSZTYN;;;
POLAND;SZCZECIN;;;
POLAND;TORUN;;;
PORTUGAL;BEJA;;;
PORTUGAL;MAIA;;;
PORTUGAL;PONTA DELGADA;;;
PORTUGAL;PRIOR VELHO;;;
PUERTO RICO;SAN JUAN;;;
QATAR;DOHA;;;
REPUBLIC OF BOLIVIA;POTOSI;;;
REPUBLIC OF BOLIVIA;SANTA CRUZ DE LA SIERRA;;;
REPUBLIC OF KOSOVO;LLAPNASELLE;;;
REPUBLIC OF NORTH MACEDONIA;CUCER SANDEVO;;;
REPUBLIC OF SOUTH SUDAN;JUBA;;;
REUNION;LE PORT;;;
ROMANIA;BRASOV;;;
ROMANIA;CLUJ-NAPOCA;;;
ROMANIA;MOGOSOAIA;;;
ROMANIA;TIMISOARA;;;
RUSSIA FEDERATION;Abakan;;;
RUSSIA FEDERATION;Afipsky ;;;
RUSSIA FEDERATION;ARKHANGELSK;;;
RUSSIA FEDERATION;Arkhangelsk ;;;
RUSSIA FEDERATION;Artem ;;;
RUSSIA FEDERATION;Barnaul ;;;
RUSSIA FEDERATION;BELGOROD;;;
RUSSIA FEDERATION;Belogorsk ;;;
RUSSIA FEDERATION;Belovo ;;;
RUSSIA FEDERATION;BLAGOVESCHENSK;;;
RUSSIA FEDERATION;Blagoveshchensk ;;;
RUSSIA FEDERATION;Bodaybo ;;;
RUSSIA FEDERATION;BOR;;;
RUSSIA FEDERATION;Bratsk ;;;
RUSSIA FEDERATION;CHELYABINSK;;;
RUSSIA FEDERATION;Chelyabinsk ;;;
RUSSIA FEDERATION;Cherepovets ;;;
RUSSIA FEDERATION;Chita ;;;
RUSSIA FEDERATION;Gay;;;
RUSSIA FEDERATION;Irkutsk ;;;
RUSSIA FEDERATION;KACHKANAR;;;
RUSSIA FEDERATION;Kaliningrad ;;;
RUSSIA FEDERATION;KALUGA;;;
RUSSIA FEDERATION;Kaluga ;;;
RUSSIA FEDERATION;Kazan;;;
RUSSIA FEDERATION;Kemerovo ;;;
RUSSIA FEDERATION;KHABAROVSK;;;
RUSSIA FEDERATION;Khabarovsk ;;;
RUSSIA FEDERATION;KIROVSK;;;
RUSSIA FEDERATION;Kirovsk ;;;
RUSSIA FEDERATION;KOLA;;;
RUSSIA FEDERATION;Kola ;;;
RUSSIA FEDERATION;KOMSOMOLSK-NA-AMURE;;;
RUSSIA FEDERATION;Komsomolsk-on-Amur;;;
RUSSIA FEDERATION;Kostomuksha ;;;
RUSSIA FEDERATION;KOTLAS;;;
RUSSIA FEDERATION;Kovdor ;;;
RUSSIA FEDERATION;Kovrov ;;;
RUSSIA FEDERATION;KRASNOTURINSK;;;
RUSSIA FEDERATION;Krasnoyarsk;;;
RUSSIA FEDERATION;Kurilsk ;;;
RUSSIA FEDERATION;Lipetsk ;;;
RUSSIA FEDERATION;MAGADAN;;;
RUSSIA FEDERATION;Magadan ;;;
RUSSIA FEDERATION;Mezhdurechensk ;;;
RUSSIA FEDERATION;Mineralnye Vody;;;
RUSSIA FEDERATION;Mirny ;;;
RUSSIA FEDERATION;MOSCOW;;;
RUSSIA FEDERATION;Nakhodka ;;;
RUSSIA FEDERATION;Neryungri;;;
RUSSIA FEDERATION;Nizhny Kuranakh;;;
RUSSIA FEDERATION;Norilsk;;;
RUSSIA FEDERATION;Novokuznetsk ;;;
RUSSIA FEDERATION;NOVOSIBIRSK;;;
RUSSIA FEDERATION;Novy Urengoy;;;
RUSSIA FEDERATION;Olenegorsk ;;;
RUSSIA FEDERATION;Omsk ;;;
RUSSIA FEDERATION;ORENBURG;;;
RUSSIA FEDERATION;Orenburg ;;;
RUSSIA FEDERATION;Perm ;;;
RUSSIA FEDERATION;Petropavlovsk-Kamchatskiy;;;
RUSSIA FEDERATION;PETROZAVODSK;;;
RUSSIA FEDERATION;Petrozavodsk ;;;
RUSSIA FEDERATION;Pskov ;;;
RUSSIA FEDERATION;PUTILKOVO;;;
RUSSIA FEDERATION;QORMI;;;
RUSSIA FEDERATION;Rostov-on-Don;;;
RUSSIA FEDERATION;Saint Petersburg ;;;
RUSSIA FEDERATION;Samara ;;;
RUSSIA FEDERATION;Saransk;;;
RUSSIA FEDERATION;Saratov ;;;
RUSSIA FEDERATION;SATKA;;;
RUSSIA FEDERATION;Stary Oskol;;;
RUSSIA FEDERATION;Stavropol ;;;
RUSSIA FEDERATION;Surgut;;;
RUSSIA FEDERATION;Svobodny ;;;
RUSSIA FEDERATION;Tomsk ;;;
RUSSIA FEDERATION;TONSHALOVO;;;
RUSSIA FEDERATION;Tula ;;;
RUSSIA FEDERATION;Tver ;;;
RUSSIA FEDERATION;Tyumen ;;;
RUSSIA FEDERATION;Udachny ;;;
RUSSIA FEDERATION;Ufa;;;
RUSSIA FEDERATION;Ukhta ;;;
RUSSIA FEDERATION;Ulan-Ude;;;
RUSSIA FEDERATION;VANGASH;;;
RUSSIA FEDERATION;VANINO;;;
RUSSIA FEDERATION;Veliky Novgorod;;;
RUSSIA FEDERATION;Veliky Ustyug;;;
RUSSIA FEDERATION;VLADIVOSTOK;;;
RUSSIA FEDERATION;Volgograd ;;;
RUSSIA FEDERATION;Vorkuta ;;;
RUSSIA FEDERATION;Voronezh ;;;
RUSSIA FEDERATION;Yakutsk ;;;
RUSSIA FEDERATION;Yekaterinburg ;;;
RUSSIA FEDERATION;YUZHNO SAKHALINSK;;;
RUSSIA FEDERATION;Yuzhno-Sakhalinsk;;;
RUSSIA FEDERATION;Zapolyarny ;;;
RUSSIA FEDERATION;ZHELEZNOGORSK;;;
RWANDA;KIGALI;;;
SAUDI ARABIA;ABHA-KHAMEES;;;
SAUDI ARABIA;AL HOFUF;;;
SAUDI ARABIA;DAMMAM;;;
SAUDI ARABIA;EL JOUF;;;
SAUDI ARABIA;GASSIM/BURAIDAH;;;
SAUDI ARABIA;HAIL;;;
SAUDI ARABIA;JEDDAH;;;
SAUDI ARABIA;JUBAIL;;;
SAUDI ARABIA;MADINA;;;
SAUDI ARABIA;MECCA;;;
SAUDI ARABIA;RIYADH;;;
SAUDI ARABIA;TABUK;;;
SAUDI ARABIA;WADI EL DAWASSIR;;;
SAUDI ARABIA;YANBU;;;
SENEGAL;DAKAR;;;
SERBIA;VRCIN;;;
SEYCHELLES;VICTORIA;;;
SINGAPORE;JURONG;;;
SLOVAKIA;BANSKA BYSTRICA-KRALOVA;;;
SLOVAKIA;BRATISLAVA;;;
SLOVAKIA;KOSICE;;;
SLOVAKIA;NITRA;;;
SLOVAKIA;ZILINA;;;
SLOVENIA;GROSUPLJE;;;
SLOVENIA;LUGANO;;;
SOLOMON ISLANDS;HONIARA;;;
SOUTH AFRICA;BELLVILLE;;;
SOUTH AFRICA;BLOEMFONTEIN;;;
SOUTH AFRICA;DURBAN;;;
SOUTH AFRICA;DURBAN NORTH;;;
SOUTH AFRICA;EAST LONDON;;;
SOUTH AFRICA;FRANKENWALD;;;
SOUTH AFRICA;GEORGE;;;
SOUTH AFRICA;ISANDO;;;
SOUTH AFRICA;KIMBERLEY;;;
SOUTH AFRICA;MBOMBELA;;;
SOUTH AFRICA;MIDDELBURG;;;
SOUTH AFRICA;NEWCASTLE;;;
SOUTH AFRICA;POLOKWANE;;;
SOUTH AFRICA;PORT ELIZABETH;;;
SOUTH AFRICA;POTGIETERSRUS;;;
SOUTH AFRICA;RICHARD'S BAY;;;
SOUTH AFRICA;RUSTENBURG;;;
SOUTH AFRICA;SANDTON;;;
SOUTH AFRICA;SILVERTON;;;
SOUTH AFRICA;SPRINGBOK;;;
SOUTH AFRICA;UMTATA;;;
SOUTH AFRICA;WOLMARANSSTAD;;;
SPAIN;ALBOLOTE;;;
SPAIN;ARGANDA DEL REY;;;
SPAIN;BARCELONA;;;
SPAIN;BERGONDO;;;
SPAIN;CORDOBA;;;
SPAIN;HUMANES DE MADRID;;;
SPAIN;LAS PALMAS DE GRAN CANARIA;;;
SPAIN;LERIDA;;;
SPAIN;LOS BARRIOS;;;
SPAIN;MACAEL;;;
SPAIN;MADRID;;;
SPAIN;MERIDA;;;
SPAIN;MOLINA DE SEGURA;;;
SPAIN;ORTUELLA;;;
SPAIN;OVIEDO;;;
SPAIN;PALMA DE MALLORCA;;;
SPAIN;PAMPLONA;;;
SPAIN;SAN MIGUEL DE LAS DUENAS;;;
SPAIN;SANTA CRUZ DE TENERIFE;;;
SPAIN;SEVILLA;;;
SPAIN;TELDE;;;
SPAIN;VALENCIA;;;
SPAIN;VALLADOLID;;;
SPAIN;VIGO;;;
SPAIN;ZARAGOZA;;;
SRI LANKA;ANURADHAPURA;;;
SRI LANKA;COLOMBO;;;
SRI LANKA;GALLE;;;
SRI LANKA;WATTALA;;;
SURINAME;DOMBURG;;;
SURINAME;NICKERIE;;;
SURINAME;PARAMARIBO;;;
SWAZILAND;MANZINI;;;
SWEDEN;BODEN;;;
SWEDEN;BORLANGE;;;
SWEDEN;ESLOV;;;
SWEDEN;GALLIVARE;;;
SWEDEN;GUNNILSE;;;
SWEDEN;KARLSTAD;;;
SWEDEN;KIRUNA;;;
SWEDEN;KUNGALV;;;
SWEDEN;LINKOPING;;;
SWEDEN;MOELNDAL;;;
SWEDEN;OESTERFAERNEBO;;;
SWEDEN;OSTERSUND;;;
SWEDEN;TIMRA;;;
SWEDEN;UMEAA;;;
SWEDEN;UPPLANDS VASBY;;;
SWITZERLAND;CONTHEY;;;
SWITZERLAND;DELEMONT;;;
SWITZERLAND;ECHANDENS;;;
SWITZERLAND;EMMEN;;;
SWITZERLAND;GOSSAU;;;
SWITZERLAND;ITTIGEN;;;
SWITZERLAND;LANDQUART;;;
SWITZERLAND;LANGENTHAL;;;
SWITZERLAND;MENDRISIO;;;
SWITZERLAND;MURTEN;;;
SWITZERLAND;OFTRINGEN;;;
SWITZERLAND;PAYERNE;;;
SWITZERLAND;PORRENTRUY;;;
SWITZERLAND;PRATTELN;;;
SWITZERLAND;PUIDOUX;;;
SWITZERLAND;RARON;;;
SWITZERLAND;RENNAZ;;;
SWITZERLAND;ROMANEL-SUR-LAUSANNE;;;
SWITZERLAND;SPREITENBACH;;;
SWITZERLAND;VILLARS-SUR-GLANE;;;
SWITZERLAND;VOLKETSWIL;;;
TAIWAN  PROVINCE OF CHINA;DAYUAN;;;
TAIWAN  PROVINCE OF CHINA;HUALIEN;;;
TAIWAN  PROVINCE OF CHINA;KAOHSIUNG;;;
TAIWAN  PROVINCE OF CHINA;SHANHUA;;;
TAIWAN  PROVINCE OF CHINA;TAICHUNG;;;
TAJIKISTAN;DUSHANBE;;;
THAILAND;BANG PHLI;;;
THAILAND;BANGKOK;;;
THAILAND;CHANTHABURI;;;
THAILAND;CHIANG MAI;;;
THAILAND;CHIANG RAI;;;
THAILAND;CHON BURI;;;
THAILAND;CHUMPHON;;;
THAILAND;HAT YAI;;;
THAILAND;KANCHANABURI;;;
THAILAND;KHON KAEN;;;
THAILAND;LAMPANG;;;
THAILAND;NAKHON PATHOM;;;
THAILAND;NAKHON RATCHASIMA;;;
THAILAND;NAKHON SAWAN;;;
THAILAND;NAKHON SI THAMMARAT;;;
THAILAND;PHITSANULOK;;;
THAILAND;PHUKET;;;
THAILAND;RAYONG;;;
THAILAND;SAKON NAKHON;;;
THAILAND;SAMUT SAKHON;;;
THAILAND;SARABURI;;;
THAILAND;SURAT THANI;;;
THAILAND;TAK;;;
THAILAND;UBON RATCHATHANI;;;
THAILAND;UDON THANI;;;
TIMOR-LESTE;SINGAPORE;;;
TOGO;LOME;;;
TONGA;NUKU'ALOFA;;;
TRINIDAD AND TOBAGO;PORT-OF-SPAIN;;;
TUNISIA;CITE EZZOUHOUR;;;
TUNISIA;GABES;;;
TUNISIA;SFAX;;;
TURKEY;ADANA;;;
TURKEY;DIYARBAKIR;;;
TURKEY;DOSEMEALTI;;;
TURKEY;ESENYURT;;;
TURKEY;GEBZE;;;
TURKEY;ISTANBUL;;;
TURKEY;KEMALPASA;;;
TURKEY;KOCAELI;;;
TURKEY;OSTIM;;;
TURKEY;TRABZON;;;
TURKEY;TUZLA;;;
TURKMENISTAN;ASHGABAT;;;
TURKMENISTAN;BALKANABAT;;;
UKRAINE;ERISTOVKA;;;
UKRAINE;LIVOV;;;
UKRAINE;MAKEEVKA;;;
UKRAINE;ZUG;;;
UNION OF MYANMAR;BILIN;;;
UNION OF MYANMAR;DAGON MYOTHIT;;;
UNION OF MYANMAR;DAWEI;;;
UNION OF MYANMAR;KYAUKPYU;;;
UNION OF MYANMAR;LOIKAW;;;
UNION OF MYANMAR;MAGWE;;;
UNION OF MYANMAR;MANDALAY;;;
UNION OF MYANMAR;MAWLAMYINE;;;
UNION OF MYANMAR;MOGOKE;;;
UNION OF MYANMAR;MYEIK;;;
UNION OF MYANMAR;MYITKYINA;;;
UNION OF MYANMAR;NYAUNGDON;;;
UNION OF MYANMAR;PATHEIN;;;
UNION OF MYANMAR;PHARKANT;;;
UNION OF MYANMAR;SITTWE;;;
UNION OF MYANMAR;TACHILEIK;;;
UNION OF MYANMAR;TAUNGGYI;;;
UNION OF MYANMAR;YANGON;;;
UNION OF MYANMAR;ZA BU THI RI;;;
UNITED ARAB EMIRATES;ABU DHABI;;;
UNITED ARAB EMIRATES;AL AIN;;;
UNITED ARAB EMIRATES;DUBAI;;;
UNITED ARAB EMIRATES;JEBEL ALI;;;
UNITED ARAB EMIRATES;SHARJAH;;;
UNITED KINGDOM;ABERDEEN;;;
UNITED KINGDOM;ASHFORD;;;
UNITED KINGDOM;BOLDON COLLIERY;;;
UNITED KINGDOM;BRISTOL;;;
UNITED KINGDOM;CANNOCK;;;
UNITED KINGDOM;CHESTERFIELD;;;
UNITED KINGDOM;HALSTEAD;;;
UNITED KINGDOM;LEEDS;;;
UNITED KINGDOM;LISBURN;;;
UNITED KINGDOM;MORETON;;;
UNITED KINGDOM;MUIR OF ORD;;;
UNITED KINGDOM;PETERBOROUGH;;;
UNITED KINGDOM;PONTYCLUN;;;
UNITED KINGDOM;POOLE;;;
UNITED KINGDOM;ROTHWELL;;;
UNITED KINGDOM;SLOUGH;;;
UNITED KINGDOM;ST. AUSTELL;;;
UNITED KINGDOM;WINSFORD;;;
UNITED STATES OF AMERICA;ABILENE;;;
UNITED STATES OF AMERICA;ABINGDON;;;
UNITED STATES OF AMERICA;ALABASTER;;;
UNITED STATES OF AMERICA;ALBANY;;;
UNITED STATES OF AMERICA;ALBUQUERQUE;;;
UNITED STATES OF AMERICA;ALTOONA;;;
UNITED STATES OF AMERICA;ALVARADO;;;
UNITED STATES OF AMERICA;AMARILLO;;;
UNITED STATES OF AMERICA;ANCHORAGE;;;
UNITED STATES OF AMERICA;ANNAPOLIS JUNCTION;;;
UNITED STATES OF AMERICA;APPLETON;;;
UNITED STATES OF AMERICA;ARDMORE;;;
UNITED STATES OF AMERICA;ASHEVILLE;;;
UNITED STATES OF AMERICA;ASHLAND;;;
UNITED STATES OF AMERICA;ATLANTA;;;
UNITED STATES OF AMERICA;ATLANTIC;;;
UNITED STATES OF AMERICA;ATTALLA;;;
UNITED STATES OF AMERICA;AUBREY;;;
UNITED STATES OF AMERICA;AUGUSTA;;;
UNITED STATES OF AMERICA;AUSTELL;;;
UNITED STATES OF AMERICA;AUSTIN;;;
UNITED STATES OF AMERICA;BAKERSFIELD;;;
UNITED STATES OF AMERICA;BALTIMORE;;;
UNITED STATES OF AMERICA;BARTONVILLE;;;
UNITED STATES OF AMERICA;BATAVIA;;;
UNITED STATES OF AMERICA;BATON ROUGE;;;
UNITED STATES OF AMERICA;BEAR;;;
UNITED STATES OF AMERICA;BEAUFORT;;;
UNITED STATES OF AMERICA;BEAUMONT;;;
UNITED STATES OF AMERICA;BECKLEY;;;
UNITED STATES OF AMERICA;BELDEN;;;
UNITED STATES OF AMERICA;BELLE CHASSE;;;
UNITED STATES OF AMERICA;BELLEFONTE;;;
UNITED STATES OF AMERICA;BELTON;;;
UNITED STATES OF AMERICA;BEMIDJI;;;
UNITED STATES OF AMERICA;BENICIA;;;
UNITED STATES OF AMERICA;BENSALEM;;;
UNITED STATES OF AMERICA;BENTON;;;
UNITED STATES OF AMERICA;BETTENDORF;;;
UNITED STATES OF AMERICA;BILLINGS;;;
UNITED STATES OF AMERICA;BILOXI;;;
UNITED STATES OF AMERICA;BINGHAMTON;;;
UNITED STATES OF AMERICA;BIRMINGHAM;;;
UNITED STATES OF AMERICA;BISMARCK;;;
UNITED STATES OF AMERICA;BLANDINSVILLE;;;
UNITED STATES OF AMERICA;BLAWNOX;;;
UNITED STATES OF AMERICA;BLOOMFIELD;;;
UNITED STATES OF AMERICA;BLOOMINGBURG;;;
UNITED STATES OF AMERICA;BLOOMINGDALE;;;
UNITED STATES OF AMERICA;BLOOMINGTON;;;
UNITED STATES OF AMERICA;BOGUE CHITTO;;;
UNITED STATES OF AMERICA;BOISE;;;
UNITED STATES OF AMERICA;BOLIVAR;;;
UNITED STATES OF AMERICA;BOSSIER CITY;;;
UNITED STATES OF AMERICA;BOWLING GREEN;;;
UNITED STATES OF AMERICA;BOZEMAN;;;
UNITED STATES OF AMERICA;BRAINERD;;;
UNITED STATES OF AMERICA;BREWER;;;
UNITED STATES OF AMERICA;BRIDGEPORT;;;
UNITED STATES OF AMERICA;BROADVIEW HEIGHTS;;;
UNITED STATES OF AMERICA;BRONX;;;
UNITED STATES OF AMERICA;BROOKSVILLE;;;
UNITED STATES OF AMERICA;BROUSSARD;;;
UNITED STATES OF AMERICA;BROWNSTOWN TOWNSHIP;;;
UNITED STATES OF AMERICA;BRUNSWICK;;;
UNITED STATES OF AMERICA;BRYAN;;;
UNITED STATES OF AMERICA;BUCKEYE;;;
UNITED STATES OF AMERICA;BUHL;;;
UNITED STATES OF AMERICA;BUNKER HILL;;;
UNITED STATES OF AMERICA;BUTTE;;;
UNITED STATES OF AMERICA;BYRON CENTER;;;
UNITED STATES OF AMERICA;CADIZ;;;
UNITED STATES OF AMERICA;CALDWELL;;;
UNITED STATES OF AMERICA;CALHOUN;;;
UNITED STATES OF AMERICA;CAMDEN;;;
UNITED STATES OF AMERICA;CANTON;;;
UNITED STATES OF AMERICA;CARBONDALE;;;
UNITED STATES OF AMERICA;CARLSBAD;;;
UNITED STATES OF AMERICA;CASPER;;;
UNITED STATES OF AMERICA;CEDAR CITY;;;
UNITED STATES OF AMERICA;CEDAR FALLS;;;
UNITED STATES OF AMERICA;CEDAR RAPIDS;;;
UNITED STATES OF AMERICA;CHAMPAIGN;;;
UNITED STATES OF AMERICA;CHANNELVIEW;;;
UNITED STATES OF AMERICA;CHANUTE;;;
UNITED STATES OF AMERICA;CHARLESTON;;;
UNITED STATES OF AMERICA;CHARLOTTE;;;
UNITED STATES OF AMERICA;CHATTANOOGA;;;
UNITED STATES OF AMERICA;CHEHALIS;;;
UNITED STATES OF AMERICA;CHESAPEAKE;;;
UNITED STATES OF AMERICA;CHEYENNE;;;
UNITED STATES OF AMERICA;CHICO;;;
UNITED STATES OF AMERICA;CLARKSVILLE;;;
UNITED STATES OF AMERICA;CLEAR BROOK;;;
UNITED STATES OF AMERICA;CLEARFIELD;;;
UNITED STATES OF AMERICA;CLEBURNE;;;
UNITED STATES OF AMERICA;CLEVELAND;;;
UNITED STATES OF AMERICA;CLEWISTON;;;
UNITED STATES OF AMERICA;CLIFTON PARK;;;
UNITED STATES OF AMERICA;CLINTON;;;
UNITED STATES OF AMERICA;COLBY;;;
UNITED STATES OF AMERICA;COLORADO SPRINGS;;;
UNITED STATES OF AMERICA;COLUMBIA;;;
UNITED STATES OF AMERICA;COLUMBUS;;;
UNITED STATES OF AMERICA;COLVILLE;;;
UNITED STATES OF AMERICA;CONCORDIA;;;
UNITED STATES OF AMERICA;CONLEY;;;
UNITED STATES OF AMERICA;CONROE;;;
UNITED STATES OF AMERICA;COOKEVILLE;;;
UNITED STATES OF AMERICA;CORBIN;;;
UNITED STATES OF AMERICA;CORCORAN;;;
UNITED STATES OF AMERICA;CORPUS CHRISTI;;;
UNITED STATES OF AMERICA;COUNCIL BLUFFS;;;
UNITED STATES OF AMERICA;CRAB ORCHARD;;;
UNITED STATES OF AMERICA;CRANBERRY TOWNSHIP;;;
UNITED STATES OF AMERICA;CRANSTON;;;
UNITED STATES OF AMERICA;CRESTVIEW;;;
UNITED STATES OF AMERICA;CROOKSTON;;;
UNITED STATES OF AMERICA;CROSSVILLE;;;
UNITED STATES OF AMERICA;CYPRESS;;;
UNITED STATES OF AMERICA;DACULA;;;
UNITED STATES OF AMERICA;DALHART;;;
UNITED STATES OF AMERICA;DALLAS;;;
UNITED STATES OF AMERICA;DARROW;;;
UNITED STATES OF AMERICA;DAVENPORT;;;
UNITED STATES OF AMERICA;DAVIE;;;
UNITED STATES OF AMERICA;DAYTONA BEACH;;;
UNITED STATES OF AMERICA;DECATUR;;;
UNITED STATES OF AMERICA;DEEP GAP;;;
UNITED STATES OF AMERICA;DES MOINES;;;
UNITED STATES OF AMERICA;DEVILS LAKE;;;
UNITED STATES OF AMERICA;DICKINSON;;;
UNITED STATES OF AMERICA;DODGE CITY;;;
UNITED STATES OF AMERICA;DONIPHAN;;;
UNITED STATES OF AMERICA;DOTHAN;;;
UNITED STATES OF AMERICA;DRY RIDGE;;;
UNITED STATES OF AMERICA;DUBUQUE;;;
UNITED STATES OF AMERICA;DULUTH;;;
UNITED STATES OF AMERICA;DUTCH HARBOR;;;
UNITED STATES OF AMERICA;DWIGHT;;;
UNITED STATES OF AMERICA;EAGLE PASS;;;
UNITED STATES OF AMERICA;EAST PEORIA;;;
UNITED STATES OF AMERICA;EAST WENATCHEE;;;
UNITED STATES OF AMERICA;EAU CLAIRE;;;
UNITED STATES OF AMERICA;EDINBURG;;;
UNITED STATES OF AMERICA;EIGHTY FOUR;;;
UNITED STATES OF AMERICA;EL CAMPO;;;
UNITED STATES OF AMERICA;EL PASO;;;
UNITED STATES OF AMERICA;ELIZABETHTOWN;;;
UNITED STATES OF AMERICA;ELK CITY;;;
UNITED STATES OF AMERICA;ELKRIDGE;;;
UNITED STATES OF AMERICA;ELMHURST;;;
UNITED STATES OF AMERICA;ELOY;;;
UNITED STATES OF AMERICA;ELY;;;
UNITED STATES OF AMERICA;ENID;;;
UNITED STATES OF AMERICA;EPHRATA;;;
UNITED STATES OF AMERICA;ERIE;;;
UNITED STATES OF AMERICA;ESSEX;;;
UNITED STATES OF AMERICA;EUGENE;;;
UNITED STATES OF AMERICA;EVANSVILLE;;;
UNITED STATES OF AMERICA;FAIRBANKS;;;
UNITED STATES OF AMERICA;FAIRFIELD;;;
UNITED STATES OF AMERICA;FARGO;;;
UNITED STATES OF AMERICA;FELTON;;;
UNITED STATES OF AMERICA;FENTON;;;
UNITED STATES OF AMERICA;FERGUS FALLS;;;
UNITED STATES OF AMERICA;FIFE;;;
UNITED STATES OF AMERICA;FIREBAUGH;;;
UNITED STATES OF AMERICA;FISHERS;;;
UNITED STATES OF AMERICA;FISHERSVILLE;;;
UNITED STATES OF AMERICA;FLAGSTAFF;;;
UNITED STATES OF AMERICA;FLORENCE;;;
UNITED STATES OF AMERICA;FLOWOOD;;;
UNITED STATES OF AMERICA;FOOTHILL RANCH;;;
UNITED STATES OF AMERICA;FORISTELL;;;
UNITED STATES OF AMERICA;FORT COLLINS;;;
UNITED STATES OF AMERICA;FORT DODGE;;;
UNITED STATES OF AMERICA;FORT LAUDERDALE;;;
UNITED STATES OF AMERICA;FORT MYERS;;;
UNITED STATES OF AMERICA;FORT SMITH;;;
UNITED STATES OF AMERICA;FORT WAYNE;;;
UNITED STATES OF AMERICA;FORT WORTH;;;
UNITED STATES OF AMERICA;FORTSON;;;
UNITED STATES OF AMERICA;FORTUNA;;;
UNITED STATES OF AMERICA;FRACKVILLE;;;
UNITED STATES OF AMERICA;FREDERICKSBURG;;;
UNITED STATES OF AMERICA;FREMONT;;;
UNITED STATES OF AMERICA;FRESNO;;;
UNITED STATES OF AMERICA;GAINESVILLE;;;
UNITED STATES OF AMERICA;GALESBURG;;;
UNITED STATES OF AMERICA;GARNER;;;
UNITED STATES OF AMERICA;GILLETTE;;;
UNITED STATES OF AMERICA;GILROY;;;
UNITED STATES OF AMERICA;GIRARD;;;
UNITED STATES OF AMERICA;GRAND FORKS;;;
UNITED STATES OF AMERICA;GRAND ISLAND;;;
UNITED STATES OF AMERICA;GRAND JUNCTION;;;
UNITED STATES OF AMERICA;GRAND RAPIDS;;;
UNITED STATES OF AMERICA;GREAT BEND;;;
UNITED STATES OF AMERICA;GREAT FALLS;;;
UNITED STATES OF AMERICA;GREEN BAY;;;
UNITED STATES OF AMERICA;GREENSBORO;;;
UNITED STATES OF AMERICA;GREENSBURG;;;
UNITED STATES OF AMERICA;GREENVILLE;;;
UNITED STATES OF AMERICA;GREENWOOD;;;
UNITED STATES OF AMERICA;GULFPORT;;;
UNITED STATES OF AMERICA;GUYMON;;;
UNITED STATES OF AMERICA;GYPSUM;;;
UNITED STATES OF AMERICA;HAMMOND;;;
UNITED STATES OF AMERICA;HAMMONTON;;;
UNITED STATES OF AMERICA;HANKINSON;;;
UNITED STATES OF AMERICA;HANNIBAL;;;
UNITED STATES OF AMERICA;HARDEEVILLE;;;
UNITED STATES OF AMERICA;HARRISBURG;;;
UNITED STATES OF AMERICA;HARRISON;;;
UNITED STATES OF AMERICA;HARRISONBURG;;;
UNITED STATES OF AMERICA;HARVEY;;;
UNITED STATES OF AMERICA;HATTIESBURG;;;
UNITED STATES OF AMERICA;HAYDEN;;;
UNITED STATES OF AMERICA;HAZARD;;;
UNITED STATES OF AMERICA;HELENA;;;
UNITED STATES OF AMERICA;HENDERSON;;;
UNITED STATES OF AMERICA;HESPERIA;;;
UNITED STATES OF AMERICA;HILO;;;
UNITED STATES OF AMERICA;HOBBS;;;
UNITED STATES OF AMERICA;HOLTSVILLE;;;
UNITED STATES OF AMERICA;HOOPLE;;;
UNITED STATES OF AMERICA;HOPE MILLS;;;
UNITED STATES OF AMERICA;HOPKINSVILLE;;;
UNITED STATES OF AMERICA;HOUMA;;;
UNITED STATES OF AMERICA;HOUSTON;;;
UNITED STATES OF AMERICA;HUGO;;;
UNITED STATES OF AMERICA;HUNKER;;;
UNITED STATES OF AMERICA;HUNTSVILLE;;;
UNITED STATES OF AMERICA;HURON;;;
UNITED STATES OF AMERICA;HURRICANE;;;
UNITED STATES OF AMERICA;IDAHO FALLS;;;
UNITED STATES OF AMERICA;IMPERIAL;;;
UNITED STATES OF AMERICA;INDIANA;;;
UNITED STATES OF AMERICA;INDIANAPOLIS;;;
UNITED STATES OF AMERICA;INDIO;;;
UNITED STATES OF AMERICA;IRVING;;;
UNITED STATES OF AMERICA;JACKSON;;;
UNITED STATES OF AMERICA;JACKSONVILLE;;;
UNITED STATES OF AMERICA;JAMESTOWN;;;
UNITED STATES OF AMERICA;JEFFERSON;;;
UNITED STATES OF AMERICA;JEFFERSON CITY;;;
UNITED STATES OF AMERICA;JOLIET;;;
UNITED STATES OF AMERICA;JONESBORO;;;
UNITED STATES OF AMERICA;JOPLIN;;;
UNITED STATES OF AMERICA;JUNEAU;;;
UNITED STATES OF AMERICA;KAHULUI;;;
UNITED STATES OF AMERICA;KAILUA KONA;;;
UNITED STATES OF AMERICA;KALISPELL;;;
UNITED STATES OF AMERICA;KALKASKA;;;
UNITED STATES OF AMERICA;KANE;;;
UNITED STATES OF AMERICA;KANSAS CITY;;;
UNITED STATES OF AMERICA;KATY;;;
UNITED STATES OF AMERICA;KEARNEY;;;
UNITED STATES OF AMERICA;KENNESAW;;;
UNITED STATES OF AMERICA;KILGORE;;;
UNITED STATES OF AMERICA;KINGMAN;;;
UNITED STATES OF AMERICA;KINGSPORT;;;
UNITED STATES OF AMERICA;KNOXVILLE;;;
UNITED STATES OF AMERICA;LA CROSSE;;;
UNITED STATES OF AMERICA;LA GRANDE;;;
UNITED STATES OF AMERICA;LA VERGNE;;;
UNITED STATES OF AMERICA;LAFAYETTE;;;
UNITED STATES OF AMERICA;LAKE CHARLES;;;
UNITED STATES OF AMERICA;LAKE CITY;;;
UNITED STATES OF AMERICA;LAKELAND;;;
UNITED STATES OF AMERICA;LAKESIDE;;;
UNITED STATES OF AMERICA;LANCASTER;;;
UNITED STATES OF AMERICA;LANSING;;;
UNITED STATES OF AMERICA;LAREDO;;;
UNITED STATES OF AMERICA;LAS CRUCES;;;
UNITED STATES OF AMERICA;LAS VEGAS;;;
UNITED STATES OF AMERICA;LEAGUE CITY;;;
UNITED STATES OF AMERICA;LELAND;;;
UNITED STATES OF AMERICA;LEWISTON;;;
UNITED STATES OF AMERICA;LEWISVILLE;;;
UNITED STATES OF AMERICA;LEXINGTON;;;
UNITED STATES OF AMERICA;LIBERAL;;;
UNITED STATES OF AMERICA;LIHUE;;;
UNITED STATES OF AMERICA;LINCOLN;;;
UNITED STATES OF AMERICA;LINDON;;;
UNITED STATES OF AMERICA;LITTLE ROCK;;;
UNITED STATES OF AMERICA;LIVERMORE;;;
UNITED STATES OF AMERICA;LOGAN;;;
UNITED STATES OF AMERICA;LONGS;;;
UNITED STATES OF AMERICA;LONGVIEW;;;
UNITED STATES OF AMERICA;LOS ANGELES;;;
UNITED STATES OF AMERICA;LOS BANOS;;;
UNITED STATES OF AMERICA;LOUISVILLE;;;
UNITED STATES OF AMERICA;LUBBOCK;;;
UNITED STATES OF AMERICA;LUFKIN;;;
UNITED STATES OF AMERICA;LYBURN;;;
UNITED STATES OF AMERICA;LYNCHBURG;;;
UNITED STATES OF AMERICA;MACOMB;;;
UNITED STATES OF AMERICA;MACON;;;
UNITED STATES OF AMERICA;MADISON;;;
UNITED STATES OF AMERICA;MANASSAS;;;
UNITED STATES OF AMERICA;MANCHESTER;;;
UNITED STATES OF AMERICA;MANSFIELD;;;
UNITED STATES OF AMERICA;MARIANNA;;;
UNITED STATES OF AMERICA;MARION;;;
UNITED STATES OF AMERICA;MARQUETTE;;;
UNITED STATES OF AMERICA;MARSHALL;;;
UNITED STATES OF AMERICA;MARTINEZ;;;
UNITED STATES OF AMERICA;MASON CITY;;;
UNITED STATES OF AMERICA;MAYFIELD;;;
UNITED STATES OF AMERICA;MCDONOUGH;;;
UNITED STATES OF AMERICA;MEBANE;;;
UNITED STATES OF AMERICA;MECHANICSVILLE;;;
UNITED STATES OF AMERICA;MEMPHIS;;;
UNITED STATES OF AMERICA;MERCED;;;
UNITED STATES OF AMERICA;MERIDIAN;;;
UNITED STATES OF AMERICA;METROPOLIS;;;
UNITED STATES OF AMERICA;MIAMI;;;
UNITED STATES OF AMERICA;MIDWAY;;;
UNITED STATES OF AMERICA;MILESBURG;;;
UNITED STATES OF AMERICA;MILFORD;;;
UNITED STATES OF AMERICA;MILWAUKEE;;;
UNITED STATES OF AMERICA;MINNEAPOLIS;;;
UNITED STATES OF AMERICA;MINOT;;;
UNITED STATES OF AMERICA;MISSOULA;;;
UNITED STATES OF AMERICA;MOAB;;;
UNITED STATES OF AMERICA;MOBERLY;;;
UNITED STATES OF AMERICA;MOBILE;;;
UNITED STATES OF AMERICA;MONROE;;;
UNITED STATES OF AMERICA;MONTGOMERY;;;
UNITED STATES OF AMERICA;MORGAN CITY;;;
UNITED STATES OF AMERICA;MOUNT CARMEL;;;
UNITED STATES OF AMERICA;MOUNT PLEASANT;;;
UNITED STATES OF AMERICA;MOUNT STERLING;;;
UNITED STATES OF AMERICA;MOUNT VERNON;;;
UNITED STATES OF AMERICA;MURRIETA;;;
UNITED STATES OF AMERICA;MURRYSVILLE;;;
UNITED STATES OF AMERICA;MYERSVILLE;;;
UNITED STATES OF AMERICA;NASH;;;
UNITED STATES OF AMERICA;NASHVILLE;;;
UNITED STATES OF AMERICA;NATCHEZ;;;
UNITED STATES OF AMERICA;NEDERLAND;;;
UNITED STATES OF AMERICA;NEW IBERIA;;;
UNITED STATES OF AMERICA;NEWINGTON;;;
UNITED STATES OF AMERICA;NEWTON;;;
UNITED STATES OF AMERICA;NILES;;;
UNITED STATES OF AMERICA;NITRO;;;
UNITED STATES OF AMERICA;NORFOLK;;;
UNITED STATES OF AMERICA;NORTH BEND;;;
UNITED STATES OF AMERICA;NORTH MANKATO;;;
UNITED STATES OF AMERICA;NORTH PLATTE;;;
UNITED STATES OF AMERICA;NORTON;;;
UNITED STATES OF AMERICA;NOVI;;;
UNITED STATES OF AMERICA;OAKLAND;;;
UNITED STATES OF AMERICA;OAKWOOD;;;
UNITED STATES OF AMERICA;OAKWOOD VILLAGE;;;
UNITED STATES OF AMERICA;OCALA;;;
UNITED STATES OF AMERICA;OCEAN CITY;;;
UNITED STATES OF AMERICA;ODESSA;;;
UNITED STATES OF AMERICA;OGDEN;;;
UNITED STATES OF AMERICA;OGLESBY;;;
UNITED STATES OF AMERICA;OKLAHOMA CITY;;;
UNITED STATES OF AMERICA;OLATHE;;;
UNITED STATES OF AMERICA;OMAHA;;;
UNITED STATES OF AMERICA;OPELIKA;;;
UNITED STATES OF AMERICA;ORLANDO;;;
UNITED STATES OF AMERICA;OSHKOSH;;;
UNITED STATES OF AMERICA;OWENSBORO;;;
UNITED STATES OF AMERICA;OXFORD;;;
UNITED STATES OF AMERICA;OXNARD;;;
UNITED STATES OF AMERICA;PADUCAH;;;
UNITED STATES OF AMERICA;PALM BAY;;;
UNITED STATES OF AMERICA;PARKERSBURG;;;
UNITED STATES OF AMERICA;PASADENA;;;
UNITED STATES OF AMERICA;PASCO;;;
UNITED STATES OF AMERICA;PASO ROBLES;;;
UNITED STATES OF AMERICA;PENDLETON;;;
UNITED STATES OF AMERICA;PENSACOLA;;;
UNITED STATES OF AMERICA;PERRY;;;
UNITED STATES OF AMERICA;PERRYSBURG;;;
UNITED STATES OF AMERICA;PFLUGERVILLE;;;
UNITED STATES OF AMERICA;PHOENIX;;;
UNITED STATES OF AMERICA;PIERRE;;;
UNITED STATES OF AMERICA;PIKEVILLE;;;
UNITED STATES OF AMERICA;PINEVILLE;;;
UNITED STATES OF AMERICA;PISCATAWAY;;;
UNITED STATES OF AMERICA;PITTSBORO;;;
UNITED STATES OF AMERICA;PITTSTON;;;
UNITED STATES OF AMERICA;PLEASANT GROVE;;;
UNITED STATES OF AMERICA;POCATELLO;;;
UNITED STATES OF AMERICA;POMONA;;;
UNITED STATES OF AMERICA;PORT ANGELES;;;
UNITED STATES OF AMERICA;POSTVILLE;;;
UNITED STATES OF AMERICA;POTEAU;;;
UNITED STATES OF AMERICA;POUGHKEEPSIE;;;
UNITED STATES OF AMERICA;PRAIRIEVILLE;;;
UNITED STATES OF AMERICA;PRINCETON;;;
UNITED STATES OF AMERICA;PRUDHOE BAY;;;
UNITED STATES OF AMERICA;PUEBLO;;;
UNITED STATES OF AMERICA;RALEIGH;;;
UNITED STATES OF AMERICA;RAPID CITY;;;
UNITED STATES OF AMERICA;RAWLINS;;;
UNITED STATES OF AMERICA;REDDING;;;
UNITED STATES OF AMERICA;RENSSELAER;;;
UNITED STATES OF AMERICA;RESACA;;;
UNITED STATES OF AMERICA;RESERVE;;;
UNITED STATES OF AMERICA;RICHLAND;;;
UNITED STATES OF AMERICA;RICHMOND;;;
UNITED STATES OF AMERICA;RIVERSIDE;;;
UNITED STATES OF AMERICA;RIVERTON;;;
UNITED STATES OF AMERICA;RIVERVIEW;;;
UNITED STATES OF AMERICA;ROCHESTER;;;
UNITED STATES OF AMERICA;ROCK FALLS;;;
UNITED STATES OF AMERICA;ROCK HILL;;;
UNITED STATES OF AMERICA;ROCK SPRINGS;;;
UNITED STATES OF AMERICA;ROCKFORD;;;
UNITED STATES OF AMERICA;ROSEDALE;;;
UNITED STATES OF AMERICA;ROSENBERG;;;
UNITED STATES OF AMERICA;ROSEVILLE;;;
UNITED STATES OF AMERICA;RUSSELLVILLE;;;
UNITED STATES OF AMERICA;SACRAMENTO;;;
UNITED STATES OF AMERICA;SAGINAW;;;
UNITED STATES OF AMERICA;SAINT AUGUSTINE;;;
UNITED STATES OF AMERICA;SAINT CLOUD;;;
UNITED STATES OF AMERICA;SAINT JOSEPH;;;
UNITED STATES OF AMERICA;SAINT ROSE;;;
UNITED STATES OF AMERICA;SALIDA;;;
UNITED STATES OF AMERICA;SALINA;;;
UNITED STATES OF AMERICA;SALINAS;;;
UNITED STATES OF AMERICA;SALISBURY;;;
UNITED STATES OF AMERICA;SALT LAKE CITY;;;
UNITED STATES OF AMERICA;SAN ANGELO;;;
UNITED STATES OF AMERICA;SAN ANTONIO;;;
UNITED STATES OF AMERICA;SAN DIEGO;;;
UNITED STATES OF AMERICA;SAN FRANCISCO;;;
UNITED STATES OF AMERICA;SAN LEANDRO;;;
UNITED STATES OF AMERICA;SAN MARTIN;;;
UNITED STATES OF AMERICA;SANTA CLARA;;;
UNITED STATES OF AMERICA;SANTA MARIA;;;
UNITED STATES OF AMERICA;SANTA ROSA;;;
UNITED STATES OF AMERICA;SARASOTA;;;
UNITED STATES OF AMERICA;SCARBOROUGH;;;
UNITED STATES OF AMERICA;SCHOFIELD;;;
UNITED STATES OF AMERICA;SCOTT CITY;;;
UNITED STATES OF AMERICA;SCOTTSBLUFF;;;
UNITED STATES OF AMERICA;SEATTLE;;;
UNITED STATES OF AMERICA;SEDALIA;;;
UNITED STATES OF AMERICA;SEVIERVILLE;;;
UNITED STATES OF AMERICA;SHAKOPEE;;;
UNITED STATES OF AMERICA;SHARONVILLE;;;
UNITED STATES OF AMERICA;SHELBY TOWNSHIP;;;
UNITED STATES OF AMERICA;SHELDON;;;
UNITED STATES OF AMERICA;SHERIDAN;;;
UNITED STATES OF AMERICA;SHINNSTON;;;
UNITED STATES OF AMERICA;SHOW LOW;;;
UNITED STATES OF AMERICA;SILVERTHORNE;;;
UNITED STATES OF AMERICA;SIMPSONVILLE;;;
UNITED STATES OF AMERICA;SIOUX CITY;;;
UNITED STATES OF AMERICA;SIOUX FALLS;;;
UNITED STATES OF AMERICA;SONORA;;;
UNITED STATES OF AMERICA;SOUTH BEND;;;
UNITED STATES OF AMERICA;SPARKS;;;
UNITED STATES OF AMERICA;SPARTANBURG;;;
UNITED STATES OF AMERICA;SPOKANE;;;
UNITED STATES OF AMERICA;SPRINGDALE;;;
UNITED STATES OF AMERICA;SPRINGFIELD;;;
UNITED STATES OF AMERICA;STATE COLLEGE;;;
UNITED STATES OF AMERICA;STATESBORO;;;
UNITED STATES OF AMERICA;STEAMBOAT SPRINGS;;;
UNITED STATES OF AMERICA;STERLING;;;
UNITED STATES OF AMERICA;STOCKTON;;;
UNITED STATES OF AMERICA;STURTEVANT;;;
UNITED STATES OF AMERICA;SULPHUR SPRINGS;;;
UNITED STATES OF AMERICA;SUMMERSVILLE;;;
UNITED STATES OF AMERICA;SUMMERVILLE;;;
UNITED STATES OF AMERICA;SUPERIOR;;;
UNITED STATES OF AMERICA;SYLMAR;;;
UNITED STATES OF AMERICA;SYLVA;;;
UNITED STATES OF AMERICA;SYRACUSE;;;
UNITED STATES OF AMERICA;TARPON SPRINGS;;;
UNITED STATES OF AMERICA;TERRE HAUTE;;;
UNITED STATES OF AMERICA;TEXARKANA;;;
UNITED STATES OF AMERICA;THE DALLES;;;
UNITED STATES OF AMERICA;THOMASVILLE;;;
UNITED STATES OF AMERICA;THREE RIVERS;;;
UNITED STATES OF AMERICA;TOPEKA;;;
UNITED STATES OF AMERICA;TRAVERSE CITY;;;
UNITED STATES OF AMERICA;TROY;;;
UNITED STATES OF AMERICA;TUCSON;;;
UNITED STATES OF AMERICA;TUKWILA;;;
UNITED STATES OF AMERICA;TULARE;;;
UNITED STATES OF AMERICA;TULSA;;;
UNITED STATES OF AMERICA;TURBOTVILLE;;;
UNITED STATES OF AMERICA;TURLOCK;;;
UNITED STATES OF AMERICA;TUSCALOOSA;;;
UNITED STATES OF AMERICA;TUSCUMBIA;;;
UNITED STATES OF AMERICA;TWIN FALLS;;;
UNITED STATES OF AMERICA;TYLER;;;
UNITED STATES OF AMERICA;UPPER MARLBORO;;;
UNITED STATES OF AMERICA;URBANA;;;
UNITED STATES OF AMERICA;VACAVILLE;;;
UNITED STATES OF AMERICA;VALDOSTA;;;
UNITED STATES OF AMERICA;VERNAL;;;
UNITED STATES OF AMERICA;VINCENNES;;;
UNITED STATES OF AMERICA;WACO;;;
UNITED STATES OF AMERICA;WAIPAHU;;;
UNITED STATES OF AMERICA;WALDORF;;;
UNITED STATES OF AMERICA;WALTERBORO;;;
UNITED STATES OF AMERICA;WALTON;;;
UNITED STATES OF AMERICA;WANCHESE;;;
UNITED STATES OF AMERICA;WAREHAM;;;
UNITED STATES OF AMERICA;WARRENTON;;;
UNITED STATES OF AMERICA;WASHINGTON;;;
UNITED STATES OF AMERICA;WASILLA;;;
UNITED STATES OF AMERICA;WAUCONDA;;;
UNITED STATES OF AMERICA;WAUKESHA;;;
UNITED STATES OF AMERICA;WAXAHACHIE;;;
UNITED STATES OF AMERICA;WAYCROSS;;;
UNITED STATES OF AMERICA;WESLACO;;;
UNITED STATES OF AMERICA;WEST BRANCH;;;
UNITED STATES OF AMERICA;WEST BURLINGTON;;;
UNITED STATES OF AMERICA;WEST COLUMBIA;;;
UNITED STATES OF AMERICA;WEST PALM BEACH;;;
UNITED STATES OF AMERICA;WEST SACRAMENTO;;;
UNITED STATES OF AMERICA;WESTFIELD;;;
UNITED STATES OF AMERICA;WESTON;;;
UNITED STATES OF AMERICA;WHITEHALL;;;
UNITED STATES OF AMERICA;WICHITA;;;
UNITED STATES OF AMERICA;WICHITA FALLS;;;
UNITED STATES OF AMERICA;WILLIAMS;;;
UNITED STATES OF AMERICA;WILLIAMSBURG;;;
UNITED STATES OF AMERICA;WILLISTON;;;
UNITED STATES OF AMERICA;WILLITS;;;
UNITED STATES OF AMERICA;WILLMAR;;;
UNITED STATES OF AMERICA;WILLOW SPRINGS;;;
UNITED STATES OF AMERICA;WILLOWS;;;
UNITED STATES OF AMERICA;WINNEMUCCA;;;
UNITED STATES OF AMERICA;WIXOM;;;
UNITED STATES OF AMERICA;WORLAND;;;
UNITED STATES OF AMERICA;YAKIMA;;;
UNITED STATES OF AMERICA;YORKTOWN;;;
UNITED STATES OF AMERICA;YUBA CITY;;;
UNITED STATES OF AMERICA;YUMA;;;
UNITED STATES OF AMERICA;ZANESVILLE;;;
URUGUAY;MONTEVIDEO;;;
VIET NAM;HANOI;;;
YEMEN;AL MUKULLA;;;
YEMEN;HODEIDAH;;;
YEMEN;MAALLA;;;
YEMEN;SANA'A;;;
YEMEN;TAIZ;;;
ZAMBIA;KITWE;;;
ZIMBABWE;BULAWAYO;;;
ZIMBABWE;HARARE;;;